rank,page,category,category_full,cat_level_1,cat_level_2,title,asin,link,rating,review_count,price_raw,price_norm,price_segment,review_density,norm_review_density,scraped_at
1,1,Best Sellers in Amazon Devices & Accessories,Amazon Devices & Accessories,Amazon Devices,Accessories,Blink Subscription Plus Plan with monthly auto-renewal,B08JHCVHTY,https://www.amazon.com/Blink-Plus-Plan-monthly-auto-renewal/dp/B08JHCVHTY/ref=zg_bs_g_amazon-devices_d_sccl_1/145-8561872-7371915?psc=1,4.4,263260.0,$11.99,11.99,Low,263260.0,1.0,2025-10-25
2,1,Best Sellers in Amazon Devices & Accessories,Amazon Devices & Accessories,Amazon Devices,Accessories,"Amazon Fire TV Stick HD (newest model), free and live TV, Alexa Voice Remote, smart home controls, HD streaming",B0CQMRKRV5,https://www.amazon.com/amazon-fire-tv-stick-hd/dp/B0CQMRKRV5/ref=zg_bs_g_amazon-devices_d_sccl_2/145-8561872-7371915?psc=1,4.7,43186.0,$19.99,19.99,Low,21593.0,0.0820177854335829,2025-10-25
3,1,Best Sellers in Amazon Devices & Accessories,Amazon Devices & Accessories,Amazon Devices,Accessories,"Ring Battery Doorbell | Home or business security with Head-to-Toe Video, Live View with Two-Way Talk, and Motion Detection & Alerts (newest model), Satin Nickel",B0BZWRSRWV,https://www.amazon.com/Ring-Battery-Doorbell-Head-to-Toe-Video-Satin-Nickel/dp/B0BZWRSRWV/ref=zg_bs_g_amazon-devices_d_sccl_3/145-8561872-7371915?psc=1,4.6,29926.0,$49.99,49.99,Mid,9975.333333333334,0.037887592338286,2025-10-25
1,1,Best Sellers in Amazon Renewed,Amazon Renewed,Amazon Renewed,,"Apple iPhone 12, 64GB, Black - Fully Unlocked (Renewed)",B08PP5MSVB,https://www.amazon.com/Apple-iPhone-12-64GB-Black/dp/B08PP5MSVB/ref=zg_bs_g_amazon-renewed_d_sccl_1/145-8561872-7371915?psc=1,4.1,31946.0,$179.75,179.75,Mid,31946.0,1.0,2025-10-25
2,1,Best Sellers in Amazon Renewed,Amazon Renewed,Amazon Renewed,,"Apple iPad, 10.2-Inch, Wi-Fi, 32GB, Space Gray (Renewed)",B08264XHCZ,https://www.amazon.com/Apple-iPad-10-2-Inch-Wi-Fi-32GB/dp/B08264XHCZ/ref=zg_bs_g_amazon-renewed_d_sccl_2/145-8561872-7371915?psc=1,4.2,14541.0,$93.88,93.88,Low,7270.5,0.2275588882457662,2025-10-25
3,1,Best Sellers in Amazon Renewed,Amazon Renewed,Amazon Renewed,,Apple AirPods 2 with Charging Case - White (Renewed),B07SKLLYTW,https://www.amazon.com/Apple-AirPods-Charging-Case-Renewed/dp/B07SKLLYTW/ref=zg_bs_g_amazon-renewed_d_sccl_3/145-8561872-7371915?psc=1,4.1,17231.0,$80.00,80.0,Low,5743.666666666667,0.1797629433829094,2025-10-25
1,1,Best Sellers in Appliances,Appliances,Appliances,,"Antarctic Star Countertop Ice Maker Machine, 8 Ice Cubes in 6 mins, 26lb/Day Ice with 2 Sizes- Portable Mini, Energy Saving & Basket/Scoop for Home/Party/Travel/Camping/Bar, Dark Black",B0F8NKJD6X,https://www.amazon.com/Antarctic-Star-Countertop-Machine-Portable/dp/B0F8NKJD6X/ref=zg_bs_g_appliances_d_sccl_1/145-8561872-7371915?psc=1,4.4,1304.0,$51.76,51.76,Low,1304.0,0.1873584522293309,2025-10-25
2,1,Best Sellers in Appliances,Appliances,Appliances,,"EUHOMY Countertop Ice Maker Machine with Handle, 26lbs in 24Hrs, 9 Ice Cubes Ready in 6 Mins, Auto-Cleaning Portable Ice Maker with Basket and Scoop, for Home/Kitchen/Camping/RV. (Black)",B0BWHZJHPL,https://www.amazon.com/EUHOMY-Countertop-Machine-Auto-Cleaning-Portable/dp/B0BWHZJHPL/ref=zg_bs_g_appliances_d_sccl_2/145-8561872-7371915?psc=1,4.3,13917.0,$63.31,63.31,Mid,6958.5,1.0,2025-10-25
3,1,Best Sellers in Appliances,Appliances,Appliances,,"Frigidaire 26 Lbs per Day Portable Compact Maker, Ice Making Machine, Stainless, Medium",B07JBJWP2W,https://www.amazon.com/Frigidaire-Countertop-Compact-Machine-Stainless/dp/B07JBJWP2W/ref=zg_bs_g_appliances_d_sccl_3/145-8561872-7371915?psc=1,4.4,9661.0,$58.36,58.36,Low,3220.333333333333,0.4627660189539795,2025-10-25
1,1,Best Sellers in Apps & Games,Apps & Games,Apps,Games,Minecraft,B00992CF6W,https://www.amazon.com/Mojang-Minecraft/dp/B00992CF6W/ref=zg_bs_g_mobile-apps_d_sccl_1/145-8561872-7371915?psc=1,4.4,153382.0,$6.99,6.99,Low,153382.0,1.0,2025-10-25
2,1,Best Sellers in Apps & Games,Apps & Games,Apps,Games,CaseCraft Studio,B0FRGBX5CP,https://www.amazon.com/DZENDEV-LIMITED-CaseCraft-Studio/dp/B0FRGBX5CP/ref=zg_bs_g_mobile-apps_d_sccl_2/145-8561872-7371915?psc=1,1.0,1.0,$9.99,9.99,Low,0.5,3.1857480006653028e-06,2025-10-25
3,1,Best Sellers in Apps & Games,Apps & Games,Apps,Games,Stealth Escape: Hide and Run,B0FRFZS39S,https://www.amazon.com/Stealth-Escape-Hide-and-Run/dp/B0FRFZS39S/ref=zg_bs_g_mobile-apps_d_sccl_3/145-8561872-7371915?psc=1,1.0,1.0,$4.99,4.99,Low,0.3333333333333333,2.099136279508145e-06,2025-10-25
1,1,"Best Sellers in Arts, Crafts & Sewing","Arts, Crafts & Sewing",Arts,Crafts,"Apple Barrel Acrylic Paint in Assorted Colors (8 Ounce), 20403 White",B0018NBVKQ,https://www.amazon.com/Apple-Barrel-Acrylic-Assorted-Colors/dp/B0018NBVKQ/ref=zg_bs_g_arts-crafts_d_sccl_1/145-8561872-7371915?psc=1,4.8,25328.0,$2.97,2.97,Low,25328.0,1.0,2025-10-25
2,1,"Best Sellers in Arts, Crafts & Sewing","Arts, Crafts & Sewing",Arts,Crafts,"BADCOLOR Black Cream-Blendable Face Body Paint Stick for Adults Children Eye Black Softball Football Baseball Sports , Non-Toxic Hypoallergenic for Halloween SFX Makeup Cosplay Joker Costume Parties",B0C3QP952N,https://www.amazon.com/BADCOLOR-Cream-Blendable-Non-Toxic-Hypoallergenic-Halloween/dp/B0C3QP952N/ref=zg_bs_g_arts-crafts_d_sccl_2/145-8561872-7371915?psc=1,4.3,1863.0,$5.99,5.99,Low,931.5,0.036558757614351,2025-10-25
3,1,"Best Sellers in Arts, Crafts & Sewing","Arts, Crafts & Sewing",Arts,Crafts,"ARTISTRO 24 Acrylic Paint Markers for Rock, Fabric, Wood, Glass, Craft, Decoration - Dual-Tip Paint Pens - Stocking Stuffers, Christmas Gift Idea for Teens, Grandkids, Kids - Art Supplies",B0CP48JPCH,https://www.amazon.com/ARTISTRO-Colors-Acrylic-Markers-Fabric/dp/B0CP48JPCH/ref=zg_bs_g_arts-crafts_d_sccl_3/145-8561872-7371915?psc=1,4.6,5469.0,$9.97,9.97,Mid,1823.0,0.0717649497971151,2025-10-25
1,1,Best Sellers in Audible Books & Originals,Audible Books & Originals,Audible Books,Originals,Nobody's Girl: A Memoir of Surviving Abuse and Fighting for Justice,B0CCK2JD8W,https://www.amazon.com/Nobodys-Girl-Surviving-Fighting-Justice/dp/B0CCK2JD8W/ref=zg_bs_g_audible_d_sccl_1/145-8561872-7371915?isALC=true,4.6,108.0,$21.26,21.26,Mid,108.0,0.0029904209988388,2025-10-25
2,1,Best Sellers in Audible Books & Originals,Audible Books & Originals,Audible Books,Originals,The Let Them Theory: A Life-Changing Tool That Millions of People Can’t Stop Talking About,B0DFMZMKFJ,https://www.amazon.com/Let-Them-Theory-Life-Changing-Millions/dp/B0DFMZMKFJ/ref=zg_bs_g_audible_d_sccl_2/145-8561872-7371915?isALC=true,4.6,29239.0,$29.66,29.66,High,14619.5,0.4049219097603158,2025-10-25
3,1,Best Sellers in Audible Books & Originals,Audible Books & Originals,Audible Books,Originals,Gone Before Goodbye,B0DJ9K5CLM,https://www.amazon.com/Audible-Gone-Before-Goodbye/dp/B0DJ9K5CLM/ref=zg_bs_g_audible_d_sccl_3/145-8561872-7371915?isALC=true,4.2,1287.0,$22.04,22.04,Mid,429.0,0.0118813011898896,2025-10-25
1,1,Best Sellers in Automotive,Automotive,Automotive,,Kaistyle for Magsafe Car Mount【20 Strong Magnets】Magnetic Phone Holder for Car Phone Holder Mount Dash Mounted Holders Cell Phone Holders for Your Car Accessories for Women Men for iPhone 17 16 15 14,B0C1Y8Z6VT,https://www.amazon.com/Mount%E3%80%9020-Magnets%E3%80%91Magnetic-Dashboard%E3%80%90360%C2%B0-Rotation%E3%80%91Hands-Accessories/dp/B0C1Y8Z6VT/ref=zg_bs_g_automotive_d_sccl_1/145-8561872-7371915?psc=1,4.4,18257.0,$9.98,9.98,Mid,18257.0,0.3152912881951853,2025-10-25
2,1,Best Sellers in Automotive,Automotive,Automotive,,"Rain-X 5079279-2 Latitude 2-In-1 Water Repellent Wiper Blades, 22 Inch Windshield Wipers (Pack Of 1), Automotive Replacement Windshield Wiper Blades With Patented Rain-X Water Repellency Formula",B016NA9V78,https://www.amazon.com/Rain-X-5079279-2-Windshield-Automotive-Replacement/dp/B016NA9V78/ref=zg_bs_g_automotive_d_sccl_2/145-8561872-7371915?psc=1,4.3,115736.0,$15.78,15.78,Mid,57868.0,1.0,2025-10-25
3,1,Best Sellers in Automotive,Automotive,Automotive,,"USANOOKS Microfiber Cleaning Cloth Grey - 12 Pcs (12.5""x12.5"") - High Performance - 1200 Washes, Ultra Absorbent Microfiber Towel Weave Grime & Liquid for Streak-Free Mirror Shine - Car Washing Cloth",B08BRJHJF9,https://www.amazon.com/Microfiber-Cleaning-Cloth-Performance-Washes/dp/B08BRJHJF9/ref=zg_bs_g_automotive_d_sccl_3/145-8561872-7371915?psc=1,4.6,16805.0,$6.98,6.98,Low,5601.666666666667,0.0965334435528588,2025-10-25
1,1,Best Sellers in Baby,Baby,Baby,,"Pampers Swaddlers Diapers, Size 5 (20-37 lbs), 132 Count, Absorbent, Keeps Baby Dry and Comfortable, Skin Safe Disposable Baby Diaper (Packaging May Vary)",B010OVZO64,https://www.amazon.com/Pampers-Swaddlers-Disposable-Diapers-SUPPLY/dp/B010OVZO64/ref=zg_bs_g_baby-products_d_sccl_1/145-8561872-7371915?psc=1,4.8,129384.0,$55.94,55.94,High,129384.0,1.0,2025-10-25
2,1,Best Sellers in Baby,Baby,Baby,,"Huggies Natural Care Sensitive Baby Wipes, Unscented, Hypoallergenic, 99% Purified Water, 12 Flip-Top Packs (768 Wipes Total), Packaging May Vary",B07SCL613T,https://www.amazon.com/HUGGIES-Natural-Unscented-Sensitive-Water-Based/dp/B07SCL613T/ref=zg_bs_g_baby-products_d_sccl_2/145-8561872-7371915?psc=1,4.8,117221.0,$21.67,21.67,Mid,58610.5,0.4529297191016269,2025-10-25
3,1,Best Sellers in Baby,Baby,Baby,,"Pampers Sensitive Baby Wipes, Water Based, Hypoallergenic and Unscented, 8 Flip-Top Packs, 4 Refill Packs (1008 Wipes Total)",B0BJ13K7FR,https://www.amazon.com/Pampers-Wipes-Sensitive-Perfume-Multi/dp/B0BJ13K7FR/ref=zg_bs_g_baby-products_d_sccl_3/145-8561872-7371915?psc=1,4.8,234540.0,$33.99,33.99,Mid,78180.0,0.6041995003338779,2025-10-25
1,1,Best Sellers in Beauty & Personal Care,Beauty & Personal Care,Beauty,Personal Care,"Amazon Basics Cotton Swabs for Personal Hygiene and Baby Care, 500 Count, 1 Pack",B09541P9WH,https://www.amazon.com/Amazon-Basics-Cotton-Swabs-500ct/dp/B09541P9WH/ref=zg_bs_g_beauty_d_sccl_1/145-8561872-7371915?psc=1,4.7,62106.0,$2.22,2.22,Low,62106.0,0.6976206497354525,2025-10-25
2,1,Best Sellers in Beauty & Personal Care,Beauty & Personal Care,Beauty,Personal Care,Mighty Patch™ Original patch from Hero Cosmetics – The #1 Hydrocolloid Acne Pimple Patch for Shrinking Zits and Whiteheads in 1 use; Nighttime Spot Stickers for Face and Skin (36 Count),B074PVTPBW,https://www.amazon.com/Mighty-Patch-Hydrocolloid-Absorbing-count/dp/B074PVTPBW/ref=zg_bs_g_beauty_d_sccl_2/145-8561872-7371915?psc=1,4.6,178036.0,$12.99,12.99,Mid,89018.0,1.0,2025-10-25
3,1,Best Sellers in Beauty & Personal Care,Beauty & Personal Care,Beauty,Personal Care,"Medicube Zero Pore Pads 2.0, Dual-Textured Facial Toner Pads for Exfoliation and Pore Care with 4.5% AHA Lactic Acid & 0.45% BHA Salicylic Acid, Ideal for All Skin Types, Korean Skin Care (70 units)",B09V7Z4TJG,https://www.amazon.com/Medicube-Zero-Pore-Pads-Dual-Textured/dp/B09V7Z4TJG/ref=zg_bs_g_beauty_d_sccl_3/145-8561872-7371915?psc=1,4.5,14096.0,$18.90,18.9,High,4698.666666666667,0.0526001327261763,2025-10-25
1,1,Best Sellers in Books,Books,Books,,Partypooper: A side-splitting birthday disaster from the #1 international bestselling Diary of a Wimpy Kid series (Book 20) (Volume 20),141978269X,https://www.amazon.com/Partypooper-side-splitting-birthday-international-bestselling/dp/141978269X/ref=zg_bs_g_books_d_sccl_1/145-8561872-7371915?psc=1,4.5,68.0,$10.97,10.97,Mid,68.0,0.0014627347323023,2025-10-25
2,1,Best Sellers in Books,Books,Books,,Nobody's Girl: A Memoir of Surviving Abuse and Fighting for Justice,0593493125,https://www.amazon.com/Nobodys-Girl-Surviving-Fighting-Justice/dp/0593493125/ref=zg_bs_g_books_d_sccl_2/145-8561872-7371915?psc=1,4.6,108.0,$31.36,31.36,High,54.0,0.0011611399421368,2025-10-25
3,1,Best Sellers in Books,Books,Books,,To Rescue the American Spirit: Teddy Roosevelt and the Birth of a Superpower (The Presidential Series),0063360756,https://www.amazon.com/Rescue-American-Spirit-Superpower-Presidential/dp/0063360756/ref=zg_bs_g_books_d_sccl_3/145-8561872-7371915?psc=1,5.0,7.0,$23.09,23.09,High,2.333333333333333,4.811154985972252e-05,2025-10-25
1,1,Best Sellers in CDs & Vinyl,CDs & Vinyl,CDs,Vinyl,The Life of a Showgirl[Sweat & Vanilla Perfume Orange Glitter Vinyl],B0FQMJWYMB,https://www.amazon.com/Showgirl-Vanilla-Perfume-Orange-Glitter/dp/B0FQMJWYMB/ref=zg_bs_g_music_d_sccl_1/145-8561872-7371915?psc=1,4.7,587.0,$29.99,29.99,Mid,587.0,0.1547020137401997,2025-10-25
2,1,Best Sellers in CDs & Vinyl,CDs & Vinyl,CDs,Vinyl,The Life of a Showgirl[Sweat & Vanilla Perfume CD with Poster],B0FQN7BYT7,https://www.amazon.com/Showgirl-Sweat-Vanilla-Perfume-Poster/dp/B0FQN7BYT7/ref=zg_bs_g_music_d_sccl_2/145-8561872-7371915?psc=1,4.7,587.0,$12.99,12.99,Low,293.5,0.0773496049996308,2025-10-25
3,1,Best Sellers in CDs & Vinyl,CDs & Vinyl,CDs,Vinyl,KPop Demon Hunters (Soundtrack from the Netflix Film),B0FFTRGLGG,https://www.amazon.com/KPop-Demon-Hunters-Soundtrack-Netflix/dp/B0FFTRGLGG/ref=zg_bs_g_music_d_sccl_3/145-8561872-7371915?psc=1,4.6,566.0,$17.98,17.98,Mid,188.66666666666663,0.0497206072155207,2025-10-25
1,1,Best Sellers in Camera & Photo Products,Camera & Photo Products,Camera,Photo Products,"20x50 High Powered Binoculars for Adults, Waterproof Compact Binoculars with Low Light Vision for Bird Watching Hunting Camping Travel Cruise Hiking Sports Stargazing, Christmas Birthday Gifts for Men",B0CJRTRRTG,https://www.amazon.com/Binoculars-Waterproof-Watching-Football-Stargazing/dp/B0CJRTRRTG/ref=zg_bs_g_photo_d_sccl_1/145-8561872-7371915?psc=1,4.4,3193.0,$28.78,28.78,Mid,3193.0,0.1976920995174577,2025-10-25
2,1,Best Sellers in Camera & Photo Products,Camera & Photo Products,Camera,Photo Products,"Occer 12x25 Compact Binoculars for Adults and Kids, Large Eyepiece Waterproof Binocular with Low Light Vision,High Powered Easy Focus Binoculars for Bird Watching,Outdoor Hunting,Travel,Sightseeing",B0756BXDTX,https://www.amazon.com/Binoculars-Waterproof-Binocular-Traveling-Sightseeing/dp/B0756BXDTX/ref=zg_bs_g_photo_d_sccl_2/145-8561872-7371915?psc=1,4.4,32299.0,$35.99,35.99,Mid,16149.5,1.0,2025-10-25
3,1,Best Sellers in Camera & Photo Products,Camera & Photo Products,Camera,Photo Products,"Elikliv Microscope, LCD Digital Coin Microscope 1000x, Coin Magnifier with 8 Adjustable LED Lights, PC View Compatible with Windows/MacBook, EDM4, 4.3-Inch",B07QB79SN6,https://www.amazon.com/Elikliv-Microscope-Endoscope-Magnification-Adjustable/dp/B07QB79SN6/ref=zg_bs_g_photo_d_sccl_3/145-8561872-7371915?psc=1,4.5,8529.0,$36.99,36.99,Mid,2843.0,0.1760189806065721,2025-10-25
1,1,Best Sellers in Cell Phones & Accessories,Cell Phones & Accessories,Cell Phones,Accessories,"Ailun 3 Pack Screen Protector for iPhone 17 Pro Max [6.9 inch] + 3 Pack Camera Lens Protector with Installation Frame,Dynamic Island Compatible,Case Friendly[Not for iPhone 17/17 Pro/iPhone Air]",B0FDQH511S,https://www.amazon.com/Ailun-iPhone-Pro-Max-Installation/dp/B0FDQH511S/ref=zg_bs_g_wireless_d_sccl_1/145-8561872-7371915?psc=1,4.5,372868.0,$8.98,8.98,Mid,372868.0,0.6880112636389522,2025-10-25
2,1,Best Sellers in Cell Phones & Accessories,Cell Phones & Accessories,Cell Phones,Accessories,"Ailun Screen Protector for iPhone 16 / iPhone 15 / iPhone 15 Pro [6.1 Inch] Display 3 Pack Tempered Glass, Dynamic Island Compatible, Case Friendly [Not for iPhone 16 Pro 6.3 Inch].",B0CCYM3F1V,https://www.amazon.com/Ailun-iPhone-15-Protection-Compatible/dp/B0CCYM3F1V/ref=zg_bs_g_wireless_d_sccl_2/145-8561872-7371915?psc=1,4.6,1083898.0,$5.98,5.98,Low,541949.0,1.0,2025-10-25
3,1,Best Sellers in Cell Phones & Accessories,Cell Phones & Accessories,Cell Phones,Accessories,"SUPFINE Magnetic for iPhone 17 Pro Max Case (Compatible with MagSafe)(Military Grade Drop Protection) Translucent Matte Shockproof with Anti-Fingerprint Phone Cover 2025,Black",B0FH655984,https://www.amazon.com/SUPFINE-Pro-Max-Case-Anti-Fingerprint/dp/B0FH655984/ref=zg_bs_g_wireless_d_sccl_3/145-8561872-7371915?psc=1,4.6,34534.0,$9.99,9.99,Mid,11511.333333333334,0.0212349268005512,2025-10-25
1,1,"Best Sellers in Clothing, Shoes & Jewelry","Clothing, Shoes & Jewelry",Clothing,Shoes,"SZIVYSHI Corset Tops for Women, Bustier Shapewear Lingerie, Lace Waist Push Up Bodysuit",B00HB6MCSO,https://www.amazon.com/SZIVYSHI-Shapewear-Lingerie-Strapless-Victorian/dp/B00HB6MCSO/ref=zg_bs_g_fashion_d_sccl_1/145-8561872-7371915?psc=1,4.4,6707.0,$26.99,26.99,High,6707.0,0.0832640353254582,2025-10-25
2,1,"Best Sellers in Clothing, Shoes & Jewelry","Clothing, Shoes & Jewelry",Clothing,Shoes,"Hanes EcoSmart Hoodie, Midweight Fleece, Pullover Hooded Sweatshirt for Men",B00JUM3G6E,https://www.amazon.com/Hanes-Pullover-EcoSmart-Fleece-Hoodie/dp/B00JUM3G6E/ref=zg_bs_g_fashion_d_sccl_2/145-8561872-7371915?psc=1,4.5,160949.0,$8.73,8.73,Low,80474.5,1.0,2025-10-25
3,1,"Best Sellers in Clothing, Shoes & Jewelry","Clothing, Shoes & Jewelry",Clothing,Shoes,"COSUSKET Snug Fit Unisex Adult Onesie Pajamas, Flannel Cosplay Animal One Piece Halloween Costume Sleepwear Homewear",B097ZKJ1CT,https://www.amazon.com/Pajamas-Halloween-Cosplay-Costume-Sullivan/dp/B097ZKJ1CT/ref=zg_bs_g_fashion_d_sccl_3/145-8561872-7371915?psc=1,4.7,7579.0,$32.99,32.99,High,2526.333333333333,0.0313093467478411,2025-10-25
1,1,Best Sellers in Collectible Coins,Collectible Coins,Collectible Coins,,2025 - American Silver Eagle .999 Fine Silver with our Smyrnacoin Certificate of Authenticity Dollar Uncirculated US Mint,B0CQN17539,https://www.amazon.com/2024-American-Certificate-Authenticity-Uncirculated/dp/B0CQN17539/ref=zg_bs_g_coins_d_sccl_1/145-8561872-7371915?psc=1,4.8,248.0,$78.99,78.99,High,248.0,0.3422857226766126,2025-10-25
2,1,Best Sellers in Collectible Coins,Collectible Coins,Collectible Coins,,Unsearched Wheat Penny Roll w/Silver Mercury Dime End Old Us Coin Shotgun Lot Mixed Years Circulated Vintage Collector,B07RZ4DJLL,https://www.amazon.com/Unsearched-Mercury-Coin-Circulated-Collector/dp/B07RZ4DJLL/ref=zg_bs_g_coins_d_sccl_2/145-8561872-7371915?psc=1,3.7,1449.0,$13.26,13.26,Mid,724.5,1.0,2025-10-25
3,1,Best Sellers in Collectible Coins,Collectible Coins,Collectible Coins,,"USMC 250th Anniversary Commemorative – Navy 250th Anniversary Coin, Double-Sided Marine Corps Challenge Coin with Metal Gift Box – Collectible Gift for Veterans, Marines, Patriots – 1.57""",B0FDKZ2CTT,https://www.amazon.com/USMC-250th-Anniversary-Commemorative-Double-Sided/dp/B0FDKZ2CTT/ref=zg_bs_g_coins_d_sccl_3/145-8561872-7371915?psc=1,4.5,51.0,$18.99,18.99,Mid,17.0,0.0234357792102905,2025-10-25
1,1,Best Sellers in Computers & Accessories,Computers & Accessories,Computers,Accessories,"Anker USB C Hub, 5-in-1 USBC to HDMI Splitter with 4K Display, 1 x Powered USB-C 5Gbps & 2×Powered USB-A 3.0 5Gbps Data Ports for MacBook Pro, MacBook Air, Dell and More",B0BQLLB61B,https://www.amazon.com/Anker-Display-MacBook-Thinkpad-Laptops/dp/B0BQLLB61B/ref=zg_bs_g_pc_d_sccl_1/145-8561872-7371915?psc=1,4.4,14578.0,$18.99,18.99,Mid,14578.0,0.8608928064911858,2025-10-25
2,1,Best Sellers in Computers & Accessories,Computers & Accessories,Computers,Accessories,"Amazon Fire HD 10 tablet, built for relaxation, 10.1"" vibrant Full HD screen, octa-core processor, 3 GB RAM, 32 GB, Black",B0BHZT5S12,https://www.amazon.com/Amazon_Fire_HD_10/dp/B0BHZT5S12/ref=zg_bs_g_pc_d_sccl_2/145-8561872-7371915?psc=1,4.5,33867.0,$139.99,139.99,High,16933.5,1.0,2025-10-25
3,1,Best Sellers in Computers & Accessories,Computers & Accessories,Computers,Accessories,"Apple 2025 MacBook Air 13-inch Laptop with M4 chip: Built for Apple Intelligence, 13.6-inch Liquid Retina Display, 16GB Unified Memory, 256GB SSD Storage, 12MP Center Stage Camera, Touch ID; Midnight",B0DZD9S5GC,https://www.amazon.com/Apple-2025-MacBook-13-inch-Laptop/dp/B0DZD9S5GC/ref=zg_bs_g_pc_d_sccl_3/145-8561872-7371915?psc=1,4.8,3399.0,$832.99,832.99,High,1133.0,0.0668804028715694,2025-10-25
1,1,Best Sellers in Electronics,Electronics,Electronics,,Blink Subscription Plus Plan with monthly auto-renewal,B08JHCVHTY,https://www.amazon.com/Blink-Plus-Plan-monthly-auto-renewal/dp/B08JHCVHTY/ref=zg_bs_g_electronics_d_sccl_1/145-8561872-7371915?psc=1,4.4,263260.0,$11.99,11.99,Low,263260.0,1.0,2025-10-25
2,1,Best Sellers in Electronics,Electronics,Electronics,,"Apple EarPods Headphones with USB-C Plug, Wired Ear Buds with Built-in Remote to Control Music, Phone Calls, and Volume",B0DCH8VDXF,https://www.amazon.com/Apple-EarPods-Headphones-Built-Control/dp/B0DCH8VDXF/ref=zg_bs_g_electronics_d_sccl_2/145-8561872-7371915?psc=1,4.6,18454.0,$14.44,14.44,Mid,9227.0,0.0350398764158028,2025-10-25
3,1,Best Sellers in Electronics,Electronics,Electronics,,"Amazon Fire TV Stick HD (newest model), free and live TV, Alexa Voice Remote, smart home controls, HD streaming",B0CQMRKRV5,https://www.amazon.com/amazon-fire-tv-stick-hd/dp/B0CQMRKRV5/ref=zg_bs_g_electronics_d_sccl_3/145-8561872-7371915?psc=1,4.7,43186.0,$19.99,19.99,Mid,14395.333333333334,0.0546721114878512,2025-10-25
1,1,Best Sellers in Entertainment Collectibles,Entertainment Collectibles,Entertainment Collectibles,,PYAJUU Stray Kids Laser Photocard 50pcs Stray Kids Laser Card Kpop Stray Kids LOMO Cards Kpop Straykids 5-Strar Album Card Stray Kids Photo Cards 5-Star Postcard Gift for Fans Daugher,B0CD7C12L2,https://www.amazon.com/Photocard-Straykids-5-Strar-Postcard-Daugher/dp/B0CD7C12L2/ref=zg_bs_g_entertainment-collectibles_d_sccl_1/145-8561872-7371915?psc=1,4.7,313.0,$9.29,9.29,Mid,313.0,1.0,2025-10-25
2,1,Best Sellers in Entertainment Collectibles,Entertainment Collectibles,Entertainment Collectibles,,Star Wars 2023 Topps Value Box | 10 Packs Per Box,B0CF9VZKL4,https://www.amazon.com/Star-Wars-Topps-Value-Packs/dp/B0CF9VZKL4/ref=zg_bs_g_entertainment-collectibles_d_sccl_2/145-8561872-7371915?psc=1,4.4,63.0,$44.99,44.99,High,31.5,0.1006090458282024,2025-10-25
3,1,Best Sellers in Entertainment Collectibles,Entertainment Collectibles,Entertainment Collectibles,,Trump Trading Card - Assasination Attempt- Gem 10 Graded - Trump Collectible Card - Trump Gifts - Trump 2024 - Make America Great Again,B0D9QRC5TZ,https://www.amazon.com/Trump-Trading-Card-Assasination-Collectible/dp/B0D9QRC5TZ/ref=zg_bs_g_entertainment-collectibles_d_sccl_3/145-8561872-7371915?psc=1,4.8,85.0,$12.99,12.99,Mid,28.33333333333333,0.0904915632176257,2025-10-25
1,1,Best Sellers in Gift Cards,Gift Cards,Gift Cards,,Amazon Gift Card Balance Reload,B0CHTKNWBL,https://www.amazon.com/Amazon-com-Gift-Card-Balance-Reload/dp/B0CHTKNWBL/ref=zg_bs_g_gift-cards_d_sccl_1/145-8561872-7371915?psc=1,4.7,532838.0,$25.00,25.0,Low,532838.0,1.0,2025-10-25
2,1,Best Sellers in Gift Cards,Gift Cards,Gift Cards,,Amazon eGift Card - Greetings - (Instant Email or Text Delivery),B0FLDMPWBR,https://www.amazon.com/Amazon-eGift-Card-Happy-Birthday/dp/B0FLDMPWBR/ref=zg_bs_g_gift-cards_d_sccl_2/145-8561872-7371915?psc=1,4.9,354.0,$50.00,50.0,Mid,177.0,0.0003310322589038,2025-10-25
3,1,Best Sellers in Gift Cards,Gift Cards,Gift Cards,,Amazon eGift Card - (Instant Email or Text Delivery),B07PCMWTSG,https://www.amazon.com/Amazon-eGift-Card-Logo-Animated/dp/B07PCMWTSG/ref=zg_bs_g_gift-cards_d_sccl_3/145-8561872-7371915?psc=1,4.8,342640.0,$50.00,50.0,Mid,114213.33333333331,0.214348171918674,2025-10-25
1,1,Best Sellers in Grocery & Gourmet Food,Grocery & Gourmet Food,Grocery,Gourmet Food,"CELSIUS Sparkling Orange, Functional Essential Energy Drink 12 Fl Oz (Pack of 12)",B007R8XGJA,https://www.amazon.com/CELSIUS-Sparkling-Orange-Fitness-Drink/dp/B007R8XGJA/ref=zg_bs_g_grocery_d_sccl_1/145-8561872-7371915?psc=1,4.6,96018.0,$14.04,14.04,Mid,96018.0,1.0,2025-10-25
2,1,Best Sellers in Grocery & Gourmet Food,Grocery & Gourmet Food,Grocery,Gourmet Food,"Nespresso Capsules Vertuo, Variety Pack, Medium and Dark Roast Coffee, 30 Count Coffee Pods, Brews 7.8 oz.",B01N05APQY,https://www.amazon.com/Nespresso-Vertuoline-Seller-Assortment-Count/dp/B01N05APQY/ref=zg_bs_g_grocery_d_sccl_2/145-8561872-7371915?psc=1,4.8,123431.0,$42.00,42.0,High,61715.5,0.6427117203726884,2025-10-25
3,1,Best Sellers in Grocery & Gourmet Food,Grocery & Gourmet Food,Grocery,Gourmet Food,"Premier Protein Shake, Chocolate, 30g Protein 1g Sugar 24 Vitamins Minerals Nutrients to Support Immune Health, 11.5 fl oz (Pack of 12)",B07MJL8NXR,https://www.amazon.com/Premier-Protein-Shake-Chocolate-11-5/dp/B07MJL8NXR/ref=zg_bs_g_grocery_d_sccl_3/145-8561872-7371915?psc=1,4.6,249884.0,$25.70,25.7,Mid,83294.66666666667,0.8674761933447565,2025-10-25
1,1,Best Sellers in Handmade Products,Handmade Products,Handmade Products,,"Hearth and Homestead: Handmade Whipped Tallow Balm (Unscented/Herb-Infused) - Organic Body Butter with Infused Olive Oil, for Eczema, Rosacea, Baby - 1.3 oz",B0BJMSH4JX,https://www.amazon.com/Hearth-Homestead-Handmade-Whipped-Unscented/dp/B0BJMSH4JX/ref=zg_bs_g_handmade_d_sccl_1/145-8561872-7371915?psc=1,4.7,10650.0,$29.99,29.99,High,10650.0,1.0,2025-10-25
2,1,Best Sellers in Handmade Products,Handmade Products,Handmade Products,,"Sereney Birthday Gifts for Girls, Beaded Bracelets as 1 3 4 5 6 7 8 9 10 11 12 13 15 16 Year Old Birthday Gift, Adjustable Stone/Pearl Bracelet as Happy Birthday Gifts for Daughter Granddaughter Niece",B0D7BG2XS8,https://www.amazon.com/Sereney-Birthday-Adjustable-Bracelets-Granddaughter/dp/B0D7BG2XS8/ref=zg_bs_g_handmade_d_sccl_2/145-8561872-7371915?psc=1,4.8,1576.0,$9.99,9.99,Mid,788.0,0.0739668962926921,2025-10-25
3,1,Best Sellers in Handmade Products,Handmade Products,Handmade Products,,"Sweet Water Decor Cozy Season Soy Candles - Fall Candles with Woods, Warm Spice, and Citrus Scent for Home Decor - Soy Candle with 40 Hours Burn Time - 9Oz Black Lid Amber Jar Candles Fall Scents",B0CBD113LF,https://www.amazon.com/Sweet-Water-Decor-Scented-Candles/dp/B0CBD113LF/ref=zg_bs_g_handmade_d_sccl_3/145-8561872-7371915?psc=1,4.4,1414.0,$19.99,19.99,High,471.3333333333333,0.0442321755287516,2025-10-25
1,1,Best Sellers in Health & Household,Health & Household,Health,Household,"Amazon Basics 48-Pack AA Alkaline High-Performance Batteries, 1.5 Volt, 10-Year Shelf Life",B00MNV8E0C,https://www.amazon.com/AmazonBasics-Performance-Alkaline-Batteries-Count/dp/B00MNV8E0C/ref=zg_bs_g_hpc_d_sccl_1/145-8561872-7371915?psc=1,4.7,875456.0,$14.99,14.99,Mid,875456.0,1.0,2025-10-25
2,1,Best Sellers in Health & Household,Health & Household,Health,Household,"Bounty Quick Size Paper Towels, White, 8 Family Rolls = 20 Regular Rolls (Packaging May Vary)",B07MHJFRBJ,https://www.amazon.com/Bounty-Quick-Size-Towels-Family-Regular/dp/B07MHJFRBJ/ref=zg_bs_g_hpc_d_sccl_2/145-8561872-7371915?psc=1,4.8,289129.0,$24.42,24.42,High,144564.5,0.1650236263672875,2025-10-25
3,1,Best Sellers in Health & Household,Health & Household,Health,Household,"Scott ComfortPlus Toilet Paper, 12 Double Rolls, 231 Sheets per Roll, Septic-Safe, 1-Ply Toilet Tissue",B07BGLT25K,https://www.amazon.com/Scott-Comfortplus-Toilet-Tissue-Double/dp/B07BGLT25K/ref=zg_bs_g_hpc_d_sccl_3/145-8561872-7371915?psc=1,4.5,110904.0,$6.49,6.49,Low,36968.0,0.0421045126745271,2025-10-25
1,1,Best Sellers in Home & Kitchen,Home & Kitchen,Home,Kitchen,"Owala FreeSip Insulated Stainless Steel Water Bottle with Straw, BPA-Free Sports Water Bottle, Great for Travel, 24 Oz, Denim",B0BZYCJK89,https://www.amazon.com/Owala-FreeSip-Insulated-Stainless-BPA-Free/dp/B0BZYCJK89/ref=zg_bs_g_home-garden_d_sccl_1/145-8561872-7371915?psc=1,4.7,92749.0,$29.99,29.99,High,92749.0,0.4555208889756503,2025-10-25
2,1,Best Sellers in Home & Kitchen,Home & Kitchen,Home,Kitchen,"Queen Size 4 Piece Sheet Set - Comfy Breathable & Cooling Bed Sheets Set - Hotel Luxury Bedding for Women, Men, Kids & Teens - Deep Pockets, Easy Secure Fit, Soft and Wrinkle Free - Oeko-Tex - White",B01M16WBW1,https://www.amazon.com/Queen-Size-Piece-Sheet-Set/dp/B01M16WBW1/ref=zg_bs_g_home-garden_d_sccl_2/145-8561872-7371915?psc=1,4.4,407175.0,$24.99,24.99,Mid,203587.5,1.0,2025-10-25
3,1,Best Sellers in Home & Kitchen,Home & Kitchen,Home,Kitchen,"Barossa Design Plastic Shower Liner Clear - Premium PEVA Shower Curtain Liner with Rustproof Grommets and 3 Magnets, Waterproof Cute Lightweight Standard Size Bathroom Curtains - Clear",B08QRFZ6TH,https://www.amazon.com/Plastic-Shower-Liner-Clear-Chemical/dp/B08QRFZ6TH/ref=zg_bs_g_home-garden_d_sccl_3/145-8561872-7371915?psc=1,4.5,86785.0,$8.95,8.95,Low,28928.33333333333,0.1420105126023863,2025-10-25
1,1,Best Sellers in Industrial & Scientific,Industrial & Scientific,Industrial,Scientific,"MedPride Powder-Free Nitrile Exam Gloves, Iris Blue, Medium, Box/100",B00GS8W3T4,https://www.amazon.com/MedPride-Powder-Free-Nitrile-Gloves-Medium/dp/B00GS8W3T4/ref=zg_bs_g_industrial_d_sccl_1/145-8561872-7371915?psc=1,4.7,100802.0,$9.99,9.99,Mid,100802.0,1.0,2025-10-25
2,1,Best Sellers in Industrial & Scientific,Industrial & Scientific,Industrial,Scientific,"Supmedic Medical Soft Max™ Nitrile Exam Gloves, 100 Count Latex-Free Powder-Free Non-Sterile Food Safe Disposable Glove, Blue",B0C9S5PMSD,https://www.amazon.com/Supmedic-Nitrile-Disposable-Powder-Free-Latex-Free/dp/B0C9S5PMSD/ref=zg_bs_g_industrial_d_sccl_2/145-8561872-7371915?psc=1,4.7,19221.0,$7.81,7.81,Mid,9610.5,0.0952819294424139,2025-10-25
3,1,Best Sellers in Industrial & Scientific,Industrial & Scientific,Industrial,Scientific,"Amazon Brand - Presto! Flex-a-Size Paper Towels, 158 Sheet Huge Roll, 12 Rolls (2 Packs of 6), Equivalent to 38 Regular Rolls, White",B074CR89QG,https://www.amazon.com/Amazon-Brand-Flex-Size-Regular/dp/B074CR89QG/ref=zg_bs_g_industrial_d_sccl_3/145-8561872-7371915?psc=1,4.5,114186.0,$28.40,28.4,High,38062.0,0.3775515070288026,2025-10-25
1,1,Best Sellers in Kindle Store,Kindle Store,Kindle Store,,Nobody's Girl: A Memoir of Surviving Abuse and Fighting for Justice,B0FLHXDQHM,https://www.amazon.com/Nobodys-Girl-Surviving-Fighting-Justice-ebook/dp/B0FLHXDQHM/ref=zg_bs_g_digital-text_d_sccl_1/145-8561872-7371915?psc=1,4.6,108.0,$14.99,14.99,High,108.0,0.0023780305779544,2025-10-25
2,1,Best Sellers in Kindle Store,Kindle Store,Kindle Store,,The Widow: A Novel,B0F12K22XQ,https://www.amazon.com/Widow-Novel-John-Grisham-ebook/dp/B0F12K22XQ/ref=zg_bs_g_digital-text_d_sccl_2/145-8561872-7371915?psc=1,4.4,85.0,$13.99,13.99,Mid,42.5,0.0009339270840177,2025-10-25
3,1,Best Sellers in Kindle Store,Kindle Store,Kindle Store,,The Intruder,B0F77XYNSQ,https://www.amazon.com/Intruder-Freida-McFadden-ebook/dp/B0F77XYNSQ/ref=zg_bs_g_digital-text_d_sccl_3/145-8561872-7371915?psc=1,4.3,24115.0,$4.99,4.99,Mid,8038.333333333333,0.1772211156886374,2025-10-25
1,1,Best Sellers in Kitchen & Dining,Kitchen & Dining,Kitchen,Dining,"Owala FreeSip Insulated Stainless Steel Water Bottle with Straw, BPA-Free Sports Water Bottle, Great for Travel, 24 Oz, Denim",B0BZYCJK89,https://www.amazon.com/Owala-FreeSip-Insulated-Stainless-BPA-Free/dp/B0BZYCJK89/ref=zg_bs_g_kitchen_d_sccl_1/145-8561872-7371915?psc=1,4.7,92749.0,$29.99,29.99,High,92749.0,1.0,2025-10-25
2,1,Best Sellers in Kitchen & Dining,Kitchen & Dining,Kitchen,Dining,STANLEY Quencher H2.0 Tumbler with Handle and Straw 30 oz | Flowstate 3-Position Lid | Cup Holder Compatible for Travel | Insulated Stainless Steel Cup | BPA-Free | Lilac,B0CJZMP7L1,https://www.amazon.com/STANLEY-Flowstate-3-Position-Compatible-Insulated/dp/B0CJZMP7L1/ref=zg_bs_g_kitchen_d_sccl_2/145-8561872-7371915?psc=1,4.7,77498.0,,,unknown,38749.0,0.4176872683354191,2025-10-25
3,1,Best Sellers in Kitchen & Dining,Kitchen & Dining,Kitchen,Dining,"Etekcity Food Kitchen Scale, Digital Grams and Ounces for Weight Loss, Baking, Cooking, Keto and Meal Prep, LCD Display, Medium, 304 Stainless Steel",B0113UZJE2,https://www.amazon.com/Etekcity-Multifunction-Stainless-Batteries-Included/dp/B0113UZJE2/ref=zg_bs_g_kitchen_d_sccl_3/145-8561872-7371915?psc=1,4.6,168537.0,$10.99,10.99,Mid,56179.0,0.6056448778338199,2025-10-25
1,1,Best Sellers in Movies & TV,Movies & TV,Movies,TV,Mission: Impossible 8: The Final Reckoning,B0F8W6CMR9,https://www.amazon.com/Mission-Impossible-8-Final-Reckoning/dp/B0F8W6CMR9/ref=zg_bs_g_movies-tv_d_sccl_1/145-8561872-7371915?psc=1,4.6,147.0,$24.49,24.49,Mid,147.0,0.0234258218207351,2025-10-25
2,1,Best Sellers in Movies & TV,Movies & TV,Movies,TV,Army of Darkness - Limited Edition Steelbook [4K UHD],B0B4TP8NM6,https://www.amazon.com/Army-Darkness-Limited-Steelbook-UHD/dp/B0B4TP8NM6/ref=zg_bs_g_movies-tv_d_sccl_2/145-8561872-7371915?psc=1,4.8,12548.0,$17.99,17.99,Mid,6274.0,1.0,2025-10-25
3,1,Best Sellers in Movies & TV,Movies & TV,Movies,TV,Downton Abbey: The Grand Finale - Collector's Edition [DVD],B0FQKZFX3S,https://www.amazon.com/Downton-Abbey-Grand-Finale-Collectors/dp/B0FQKZFX3S/ref=zg_bs_g_movies-tv_d_sccl_3/145-8561872-7371915?psc=1,4.1,10.0,$17.95,17.95,Low,3.333333333333333,0.0005269876552782,2025-10-25
1,1,Best Sellers in Musical Instruments,Musical Instruments,Musical Instruments,,"FogWorx Extreme High Density Fog Juice - Quart – 32 Fluid Ounces of Long Lasting, High Output, Odorless Water Based Machine Fluid for 400 to 1500 Watt Machines",B0777S56RB,https://www.amazon.com/FogWorx-Extreme-High-Density-Juice/dp/B0777S56RB/ref=zg_bs_g_musical-instruments_d_sccl_1/145-8561872-7371915?psc=1,4.6,21298.0,$17.99,17.99,Mid,21298.0,1.0,2025-10-25
2,1,Best Sellers in Musical Instruments,Musical Instruments,Musical Instruments,,"Mini Mic Pro (Latest Model) - Professional Wireless Microphone for iPhone, iPad, Android, Lavalier Microphone for Video Recording - iPhone Mic Crystal Clear Recording with USB-C for Content Creators",B0CMJTSVRW,https://www.amazon.com/Mini-Mic-Pro-Professional-Microphone/dp/B0CMJTSVRW/ref=zg_bs_g_musical-instruments_d_sccl_2/145-8561872-7371915?psc=1,4.3,4958.0,$24.99,24.99,Mid,2479.0,0.1163328615361723,2025-10-25
3,1,Best Sellers in Musical Instruments,Musical Instruments,Musical Instruments,,"DJI Mic Mini (2 TX + 1 RX + Charging Case), Wireless Lavalier Microphone for iPhone/Camera/Android, Ultralight, Detail-Rich Audio, 48h Use, Noise Cancelling, Automatic Limiting, Vlog, Streaming",B0DDL8WGH5,https://www.amazon.com/DJI-Microphone-Ultralight-Detail-Rich-Cancelling/dp/B0DDL8WGH5/ref=zg_bs_g_musical-instruments_d_sccl_3/145-8561872-7371915?psc=1,4.7,6637.0,$98.90,98.9,High,2212.333333333333,0.1038112307238539,2025-10-25
1,1,Best Sellers in Office Products,Office Products,Office Products,,"Amazon Basics Multipurpose Copy Printer Paper, 8.5 x 11 Inches, 20 lb, 1 Ream, (500 Sheets), 92 Bright, White",B01FV0F8H8,https://www.amazon.com/AmazonBasics-Multipurpose-Copy-Printer-Paper/dp/B01FV0F8H8/ref=zg_bs_g_office-products_d_sccl_1/145-8561872-7371915?psc=1,4.8,203230.0,$6.65,6.65,Low,203230.0,1.0,2025-10-25
2,1,Best Sellers in Office Products,Office Products,Office Products,,"HP 67XL Black High-yield Ink Cartridge for HP Printers | Works with Printer Series: DeskJet 1255, 2700, 4100, ENVY 6000, 6400 Series | Eligible for Instant Ink | 3YM57AN",B08412PTS8,https://www.amazon.com/HP-Cartridge-Black-3YM57AN-Tri-Color/dp/B08412PTS8/ref=zg_bs_g_office-products_d_sccl_2/145-8561872-7371915?psc=1,4.6,102733.0,$35.89,35.89,High,51366.5,0.2527279800753377,2025-10-25
3,1,Best Sellers in Office Products,Office Products,Office Products,,HP Printer Paper | 8.5 x 11 Paper | Copy &Print 20 lb | 1 Ream Case - 500 Sheets| 92 Bright | Made in USA - FSC Certified | 200060,B001AFL8GY,https://www.amazon.com/HP-Printer-Paper-Print20-200060R/dp/B001AFL8GY/ref=zg_bs_g_office-products_d_sccl_3/145-8561872-7371915?psc=1,4.8,91280.0,$6.67,6.67,Low,30426.666666666668,0.1496897151078783,2025-10-25
1,1,"Best Sellers in Patio, Lawn & Garden","Patio, Lawn & Garden",Patio,Lawn,"Zevo Flying Insect Trap & Cartridge - Plug in Fly Trap & Indoor Bug Catcher for Gnats, House & Fruit Flies - Mess-Free - Use in Any Room - Uses Blue & UV Light (1 Plug in Device & 1 Cartridge)",B07T869RNY,https://www.amazon.com/Electric-Flying-Insect-Trap-Starter/dp/B07T869RNY/ref=zg_bs_g_lawn-garden_d_sccl_1/145-8561872-7371915?psc=1,4.2,69805.0,$19.97,19.97,Mid,69805.0,1.0,2025-10-25
2,1,"Best Sellers in Patio, Lawn & Garden","Patio, Lawn & Garden",Patio,Lawn,"Zevo Flying Insect Trap Official Refill Cartridges - Fits Both Zevo Trap & MAX Indoor Fly Trap - Authentic Trap+Lock Technology to Catch Gnats, House & Fruit Flys (4 Official Refill Cartridges)",B0C3FTCYZL,https://www.amazon.com/ZEVO-Flying-Insect-Refills-Indoor/dp/B0C3FTCYZL/ref=zg_bs_g_lawn-garden_d_sccl_2/145-8561872-7371915?psc=1,4.8,30069.0,$14.82,14.82,Mid,15034.5,0.2153654600846082,2025-10-25
3,1,"Best Sellers in Patio, Lawn & Garden","Patio, Lawn & Garden",Patio,Lawn,TERRO Fruit Fly Traps for Indoors (4 Pack) + 180 Days of Lure Supply,B01MRHXM0I,https://www.amazon.com/Terro-Fruit-Trap-Traps-Supply/dp/B01MRHXM0I/ref=zg_bs_g_lawn-garden_d_sccl_3/145-8561872-7371915?psc=1,4.0,21673.0,$10.99,10.99,Mid,7224.333333333333,0.1034781023069262,2025-10-25
1,1,Best Sellers in Pet Supplies,Pet Supplies,Pet Supplies,,"Amazon Basics Dog and Puppy Pee Pads, 5-Layer Leak-Proof Super Absorbent, Quick-Dry Surface, Potty Training, Regular (22x22""), 100 Count, Blue & White",B00MW8G62E,https://www.amazon.com/Amazon-Basics-Leak-Proof-Quick-Dry-Absorbency/dp/B00MW8G62E/ref=zg_bs_g_pet-supplies_d_sccl_1/145-8561872-7371915?psc=1,4.5,222912.0,$18.08,18.08,Mid,222912.0,1.0,2025-10-25
2,1,Best Sellers in Pet Supplies,Pet Supplies,Pet Supplies,,Dr. Elsey's Ultra UnScented Clumping Clay Cat Litter 40 lb. Bag,B0009X29WK,https://www.amazon.com/Dr-Elseys-Premium-Clumping-Litter/dp/B0009X29WK/ref=zg_bs_g_pet-supplies_d_sccl_2/145-8561872-7371915?psc=1,4.3,90441.0,$20.99,20.99,Mid,45220.5,0.202687458423808,2025-10-25
3,1,Best Sellers in Pet Supplies,Pet Supplies,Pet Supplies,,"Fresh Step Clumping Cat Litter, Multi-Cat, Long Lasting Odor Control Kitty Litter with Activated Charcoal, Low Dust Formula, 14 lb",B000VDR8LA,https://www.amazon.com/Fresh-Step-Multi-Cat-Febreze-Shield/dp/B000VDR8LA/ref=zg_bs_g_pet-supplies_d_sccl_3/145-8561872-7371915?psc=1,4.6,89134.0,$10.49,10.49,Low,29711.33333333333,0.1330968866028218,2025-10-25
1,1,Best Sellers in Software,Software,Software,,"[OLD VERSION] TurboTax Deluxe 2024 Tax Software, Federal & State Tax Return [PC/MAC Download]",B0DHYGWYJ6,https://www.amazon.com/TurboTax-Deluxe-Software-Federal-Download/dp/B0DHYGWYJ6/ref=zg_bs_g_software_d_sccl_1/145-8561872-7371915?psc=1,4.3,14098.0,$79.99,79.99,Mid,14098.0,1.0,2025-10-25
2,1,Best Sellers in Software,Software,Software,,"Microsoft Office Home 2024 | Classic Apps: Word, Excel, PowerPoint | One-Time Purchase for 1 PC/MAC | Instant Download | Formerly Home & Student 2021 [PC/Mac Online Code]",B0DGVQMGBB,https://www.amazon.com/Microsoft-Office-Home-2024-Classic/dp/B0DGVQMGBB/ref=zg_bs_g_software_d_sccl_2/145-8561872-7371915?psc=1,4.2,1292.0,$149.99,149.99,High,646.0,0.0458206310803121,2025-10-25
3,1,Best Sellers in Software,Software,Software,,"McAfee Total Protection 2026 Ready 5-Device | AntiVirus Software 2026 for PC, Secure VPN, Password Manager, Identity Monitoring | 1 Year Subscription Auto-Renewal",B0BB2GF9WW,https://www.amazon.com/McAfee-Protection-Exclusive-Monitoring-Subscription/dp/B0BB2GF9WW/ref=zg_bs_g_software_d_sccl_3/145-8561872-7371915?psc=1,4.3,1917.0,$19.99,19.99,Low,639.0,0.0453241059849778,2025-10-25
1,1,Best Sellers in Sports & Outdoors,Sports & Outdoors,Sports,Outdoors,"Owala FreeSip Insulated Stainless Steel Water Bottle with Straw, BPA-Free Sports Water Bottle, Great for Travel, 24 Oz, Black Cherry",B0FJN3BTPV,https://www.amazon.com/Owala-FreeSip-Insulated-Stainless-BPA-Free/dp/B0FJN3BTPV/ref=zg_bs_g_sporting-goods_d_sccl_1/145-8561872-7371915?psc=1,4.7,92749.0,$29.99,29.99,High,92749.0,1.0,2025-10-25
2,1,Best Sellers in Sports & Outdoors,Sports & Outdoors,Sports,Outdoors,"Owala FreeSip Sway Insulated Stainless Steel Water Bottle with Two-Way Spout, Built-In Straw and Bucket Handle, Made for Travel, School, and Sports, 30oz, BPA Free, Leak Proof, Black Cherry",B0FK124QCT,https://www.amazon.com/Owala-FreeSip-Insulated-Stainless-Two-Way/dp/B0FK124QCT/ref=zg_bs_g_sporting-goods_d_sccl_2/145-8561872-7371915?psc=1,4.8,1273.0,$34.99,34.99,High,636.5,0.0067484620549733,2025-10-25
3,1,Best Sellers in Sports & Outdoors,Sports & Outdoors,Sports,Outdoors,Amazon Basics Neoprene Dumbbell Hand Weights for Exercise and Muscle Toning,B01LR5RBZ8,https://www.amazon.com/AmazonBasics-Pound-Neoprene-Dumbbells-Weights/dp/B01LR5RBZ8/ref=zg_bs_g_sporting-goods_d_sccl_3/145-8561872-7371915?psc=1,4.8,118772.0,$7.99,7.99,Low,39590.66666666666,0.4267922775092663,2025-10-25
1,1,Best Sellers in Sports Collectibles,Sports Collectibles,Sports Collectibles,,2025 Topps Series 1 Baseball - Factory Sealed - Value Box,B0DWYYPRYL,https://www.amazon.com/2025-Topps-Baseball-Factory-Sealed/dp/B0DWYYPRYL/ref=zg_bs_g_sports-collectibles_d_sccl_1/145-8561872-7371915?psc=1,4.6,283.0,$39.51,39.51,Mid,283.0,0.4224547349276311,2025-10-25
2,1,Best Sellers in Sports Collectibles,Sports Collectibles,Sports Collectibles,,"2025 Score Football Series Sealed Blaster Box with 24 Rookies Cards, 18 Insert Cards, a Blaster EXCLUSIVE Parallel and Chance For Rookie Signature Autographs Cam Ward Travis Hunter Jaxson Dart Plus",B0FT78QCLM,https://www.amazon.com/Football-EXCLUSIVE-Parallel-Signature-Autographs/dp/B0FT78QCLM/ref=zg_bs_g_sports-collectibles_d_sccl_2/145-8561872-7371915?psc=1,5.0,1.0,$29.99,29.99,Mid,0.5,0.0007253975888414,2025-10-25
3,1,Best Sellers in Sports Collectibles,Sports Collectibles,Sports Collectibles,,2024-25 Topps Chrome Basketball - Factory Sealed - Value Box,B0F6TRHYDS,https://www.amazon.com/2024-25-Topps-Chrome-Basketball-Factory/dp/B0F6TRHYDS/ref=zg_bs_g_sports-collectibles_d_sccl_3/145-8561872-7371915?psc=1,4.1,113.0,$26.90,26.9,Mid,37.66666666666666,0.0562095522947707,2025-10-25
1,1,Best Sellers in Tools & Home Improvement,Tools & Home Improvement,Tools,Home Improvement,Blink Subscription Plus Plan with monthly auto-renewal,B08JHCVHTY,https://www.amazon.com/Blink-Plus-Plan-monthly-auto-renewal/dp/B08JHCVHTY/ref=zg_bs_g_hi_d_sccl_1/145-8561872-7371915?psc=1,4.4,263260.0,$11.99,11.99,Mid,263260.0,1.0,2025-10-25
2,1,Best Sellers in Tools & Home Improvement,Tools & Home Improvement,Tools,Home Improvement,"Ring Battery Doorbell | Home or business security with Head-to-Toe Video, Live View with Two-Way Talk, and Motion Detection & Alerts (newest model), Satin Nickel",B0BZWRSRWV,https://www.amazon.com/Ring-Battery-Doorbell-Head-to-Toe-Video-Satin-Nickel/dp/B0BZWRSRWV/ref=zg_bs_g_hi_d_sccl_2/145-8561872-7371915?psc=1,4.6,29928.0,$49.99,49.99,High,14964.0,0.0567933750348215,2025-10-25
3,1,Best Sellers in Tools & Home Improvement,Tools & Home Improvement,Tools,Home Improvement,"Homemory 12Pcs Flickering Flameless Candle Battery Operated, 200+Hours Fake Electric LED Tea Lights for Votive, Centerpiece Table Decorations, Wedding, Aniversary, Halloween, Christmas",B01EDKGFGU,https://www.amazon.com/Homemory-Realistic-Flickering-Flameless-Celebration/dp/B01EDKGFGU/ref=zg_bs_g_hi_d_sccl_3/145-8561872-7371915?psc=1,4.7,71605.0,$8.99,8.99,Low,23868.33333333333,0.0906184313824803,2025-10-25
1,1,Best Sellers in Toys & Games,Toys & Games,Toys,Games,PartyWoo Black Balloons 140 pcs Different Sizes Pack of 18 12 10 5 Inch Matte Black Latex Balloon Arch Kit Garland for Graduation Halloween New Year Anniversary Birthday Party Decorations Black-Y18,B0BDQLJMFV,https://www.amazon.com/PartyWoo-Balloons-Different-Birthday-Decorations/dp/B0BDQLJMFV/ref=zg_bs_g_toys-and-games_d_sccl_1/145-8561872-7371915?psc=1,4.4,6444.0,$6.79,6.79,Low,6444.0,0.492342938553081,2025-10-25
2,1,Best Sellers in Toys & Games,Toys & Games,Toys,Games,"PartySticks Ultra Bright Glow Sticks Bulk Party Supplies 100 Pack - 8"" Glow in the Dark Light Up Halloween Party Favors, Glow Decorations, Neon Party Necklaces and Bracelets with Connectors",B00N1QPNMA,https://www.amazon.com/PartySticks-Sticks-Party-Supplies-100pk/dp/B00N1QPNMA/ref=zg_bs_g_toys-and-games_d_sccl_2/145-8561872-7371915?psc=1,4.6,24819.0,$9.99,9.99,Mid,12409.5,0.9481432154956166,2025-10-25
3,1,Best Sellers in Toys & Games,Toys & Games,Toys,Games,"Bezente Assorted Rainbow Latex Balloons, 100 Pack 12 inch Round Helium Bright Color Balloons for Birthday Bridal Shower Wedding Party Decorations",B0BZCHMVTK,https://www.amazon.com/Bezente-Assorted-Balloons-Birthday-Decorations/dp/B0BZCHMVTK/ref=zg_bs_g_toys-and-games_d_sccl_3/145-8561872-7371915?psc=1,4.6,10721.0,$6.99,6.99,Low,3573.6666666666665,0.2730321132658923,2025-10-25
1,1,Best Sellers in Unique Finds,Unique Finds,Unique Finds,,"SkaterTrainers- Skateboard Tricks Fast No Experience Needed- Fun, Safe, and Easy- Ollies, Kickflips and More- All Ages- Accessories Make Great Stocking Stuffers Gifts for Teen Boys and Girls",B01F49C8NI,https://www.amazon.com/Skater-Trainers-Skateboard-Tricks-Skateboarding/dp/B01F49C8NI/ref=zg_bs_g_boost_d_sccl_1/145-8561872-7371915?psc=1,4.6,7146.0,$26.00,26.0,Mid,7146.0,1.0,2025-10-25
2,1,Best Sellers in Unique Finds,Unique Finds,Unique Finds,,"Kinsa Smart,Fever, Digital Medical Baby, Kid and Adult Termometro - Accurate, Fast, FDA Cleared Thermometer for Oral, Armpit or Rectal Temperature Reading - QuickCare",B0795ZW85G,https://www.amazon.com/Kinsa-Smart-Thermometer-Fever-Temperature/dp/B0795ZW85G/ref=zg_bs_g_boost_d_sccl_2/145-8561872-7371915?psc=1,4.4,4626.0,$24.98,24.98,Mid,2313.0,0.3236611217250568,2025-10-25
3,1,Best Sellers in Unique Finds,Unique Finds,Unique Finds,,"The Door Balancer Eliminates The Need for Door Props, Door Stops and Door Wedges",B01ACGXIJQ,https://www.amazon.com/Door-Balancer-Eliminates-Props-Wedges/dp/B01ACGXIJQ/ref=zg_bs_g_boost_d_sccl_3/145-8561872-7371915?psc=1,4.4,1006.0,$7.99,7.99,Low,335.3333333333333,0.046902823579996,2025-10-25
1,1,Best Sellers in Video Games,Video Games,Video Games,,"Roblox Digital Gift Card - 1,000 Robux [Includes Exclusive Virtual Item] [Digital Code]",B07RZ74VLR,https://www.amazon.com/Robux-Roblox-Online-Game-Code/dp/B07RZ74VLR/ref=zg_bs_g_videogames_d_sccl_1/145-8561872-7371915?psc=1,4.5,177593.0,$10.00,10.0,Low,177593.0,1.0,2025-10-25
2,1,Best Sellers in Video Games,Video Games,Video Games,,Luna Premium,B085TRCCT6,https://www.amazon.com/Luna-Plus/dp/B085TRCCT6/ref=zg_bs_g_videogames_d_sccl_2/145-8561872-7371915?psc=1,4.5,43.0,$9.99,9.99,Low,21.5,0.000120862252627,2025-10-25
3,1,Best Sellers in Video Games,Video Games,Video Games,,$10 -PlayStation Store Gift Card [Digital Code],B00GAC1D2G,https://www.amazon.com/PlayStation-Store-Gift-Card-Digital/dp/B00GAC1D2G/ref=zg_bs_g_videogames_d_sccl_3/145-8561872-7371915?psc=1,4.6,272096.0,$10.00,10.0,Low,90698.66666666669,0.510710721661606,2025-10-25
