rank;page;category;title;link;rating;review_count;price
1;1;Best Sellers in Amazon Devices & Accessories;Blink Subscription Plus Plan with monthly auto-renewal;https://www.amazon.com/Blink-Plus-Plan-monthly-auto-renewal/dp/B08JHCVHTY/ref=zg_bs_g_amazon-devices_d_sccl_1/145-8561872-7371915?psc=1;4.4 out of 5 stars;263,260;$11.99
2;1;Best Sellers in Amazon Devices & Accessories;Amazon Fire TV Stick HD (newest model), free and live TV, Alexa Voice Remote, smart home controls, HD streaming;https://www.amazon.com/amazon-fire-tv-stick-hd/dp/B0CQMRKRV5/ref=zg_bs_g_amazon-devices_d_sccl_2/145-8561872-7371915?psc=1;4.7 out of 5 stars;43,186;$19.99
3;1;Best Sellers in Amazon Devices & Accessories;Ring Battery Doorbell | Home or business security with Head-to-Toe Video, Live View with Two-Way Talk, and Motion Detection & Alerts (newest model), Satin Nickel;https://www.amazon.com/Ring-Battery-Doorbell-Head-to-Toe-Video-Satin-Nickel/dp/B0BZWRSRWV/ref=zg_bs_g_amazon-devices_d_sccl_3/145-8561872-7371915?psc=1;4.6 out of 5 stars;29,926;$49.99
1;1;Best Sellers in Amazon Renewed;Apple iPhone 12, 64GB, Black - Fully Unlocked (Renewed);https://www.amazon.com/Apple-iPhone-12-64GB-Black/dp/B08PP5MSVB/ref=zg_bs_g_amazon-renewed_d_sccl_1/145-8561872-7371915?psc=1;4.1 out of 5 stars;31,946;$179.75
2;1;Best Sellers in Amazon Renewed;Apple iPad, 10.2-Inch, Wi-Fi, 32GB, Space Gray (Renewed);https://www.amazon.com/Apple-iPad-10-2-Inch-Wi-Fi-32GB/dp/B08264XHCZ/ref=zg_bs_g_amazon-renewed_d_sccl_2/145-8561872-7371915?psc=1;4.2 out of 5 stars;14,541;$93.88
3;1;Best Sellers in Amazon Renewed;Apple AirPods 2 with Charging Case - White (Renewed);https://www.amazon.com/Apple-AirPods-Charging-Case-Renewed/dp/B07SKLLYTW/ref=zg_bs_g_amazon-renewed_d_sccl_3/145-8561872-7371915?psc=1;4.1 out of 5 stars;17,231;$80.00
1;1;Best Sellers in Appliances;Antarctic Star Countertop Ice Maker Machine, 8 Ice Cubes in 6 mins, 26lb/Day Ice with 2 Sizes- Portable Mini, Energy Saving & Basket/Scoop for Home/Party/Travel/Camping/Bar, Dark Black;https://www.amazon.com/Antarctic-Star-Countertop-Machine-Portable/dp/B0F8NKJD6X/ref=zg_bs_g_appliances_d_sccl_1/145-8561872-7371915?psc=1;4.4 out of 5 stars;1,304;$51.76
2;1;Best Sellers in Appliances;EUHOMY Countertop Ice Maker Machine with Handle, 26lbs in 24Hrs, 9 Ice Cubes Ready in 6 Mins, Auto-Cleaning Portable Ice Maker with Basket and Scoop, for Home/Kitchen/Camping/RV. (Black);https://www.amazon.com/EUHOMY-Countertop-Machine-Auto-Cleaning-Portable/dp/B0BWHZJHPL/ref=zg_bs_g_appliances_d_sccl_2/145-8561872-7371915?psc=1;4.3 out of 5 stars;13,917;$63.31
3;1;Best Sellers in Appliances;Frigidaire 26 Lbs per Day Portable Compact Maker, Ice Making Machine, Stainless, Medium;https://www.amazon.com/Frigidaire-Countertop-Compact-Machine-Stainless/dp/B07JBJWP2W/ref=zg_bs_g_appliances_d_sccl_3/145-8561872-7371915?psc=1;4.4 out of 5 stars;9,661;$58.36
1;1;Best Sellers in Apps & Games;Minecraft;https://www.amazon.com/Mojang-Minecraft/dp/B00992CF6W/ref=zg_bs_g_mobile-apps_d_sccl_1/145-8561872-7371915?psc=1;4.4 out of 5 stars;153,382;$6.99
2;1;Best Sellers in Apps & Games;CaseCraft Studio;https://www.amazon.com/DZENDEV-LIMITED-CaseCraft-Studio/dp/B0FRGBX5CP/ref=zg_bs_g_mobile-apps_d_sccl_2/145-8561872-7371915?psc=1;1.0 out of 5 stars;1;$9.99
3;1;Best Sellers in Apps & Games;Stealth Escape: Hide and Run;https://www.amazon.com/Stealth-Escape-Hide-and-Run/dp/B0FRFZS39S/ref=zg_bs_g_mobile-apps_d_sccl_3/145-8561872-7371915?psc=1;1.0 out of 5 stars;1;$4.99
1;1;Best Sellers in Arts, Crafts & Sewing;Apple Barrel Acrylic Paint in Assorted Colors (8 Ounce), 20403 White;https://www.amazon.com/Apple-Barrel-Acrylic-Assorted-Colors/dp/B0018NBVKQ/ref=zg_bs_g_arts-crafts_d_sccl_1/145-8561872-7371915?psc=1;4.8 out of 5 stars;25,328;$2.97
2;1;Best Sellers in Arts, Crafts & Sewing;BADCOLOR Black Cream-Blendable Face Body Paint Stick for Adults Children Eye Black Softball Football Baseball Sports , Non-Toxic Hypoallergenic for Halloween SFX Makeup Cosplay Joker Costume Parties;https://www.amazon.com/BADCOLOR-Cream-Blendable-Non-Toxic-Hypoallergenic-Halloween/dp/B0C3QP952N/ref=zg_bs_g_arts-crafts_d_sccl_2/145-8561872-7371915?psc=1;4.3 out of 5 stars;1,863;$5.99
3;1;Best Sellers in Arts, Crafts & Sewing;ARTISTRO 24 Acrylic Paint Markers for Rock, Fabric, Wood, Glass, Craft, Decoration - Dual-Tip Paint Pens - Stocking Stuffers, Christmas Gift Idea for Teens, Grandkids, Kids - Art Supplies;https://www.amazon.com/ARTISTRO-Colors-Acrylic-Markers-Fabric/dp/B0CP48JPCH/ref=zg_bs_g_arts-crafts_d_sccl_3/145-8561872-7371915?psc=1;4.6 out of 5 stars;5,469;$9.97
1;1;Best Sellers in Audible Books & Originals;Nobody's Girl: A Memoir of Surviving Abuse and Fighting for Justice;https://www.amazon.com/Nobodys-Girl-Surviving-Fighting-Justice/dp/B0CCK2JD8W/ref=zg_bs_g_audible_d_sccl_1/145-8561872-7371915?isALC=true;4.6 out of 5 stars;108;$21.26
2;1;Best Sellers in Audible Books & Originals;The Let Them Theory: A Life-Changing Tool That Millions of People Can’t Stop Talking About;https://www.amazon.com/Let-Them-Theory-Life-Changing-Millions/dp/B0DFMZMKFJ/ref=zg_bs_g_audible_d_sccl_2/145-8561872-7371915?isALC=true;4.6 out of 5 stars;29,239;$29.66
3;1;Best Sellers in Audible Books & Originals;Gone Before Goodbye;https://www.amazon.com/Audible-Gone-Before-Goodbye/dp/B0DJ9K5CLM/ref=zg_bs_g_audible_d_sccl_3/145-8561872-7371915?isALC=true;4.2 out of 5 stars;1,287;$22.04
1;1;Best Sellers in Automotive;Kaistyle for Magsafe Car Mount【20 Strong Magnets】Magnetic Phone Holder for Car Phone Holder Mount Dash Mounted Holders Cell Phone Holders for Your Car Accessories for Women Men for iPhone 17 16 15 14;https://www.amazon.com/Mount%E3%80%9020-Magnets%E3%80%91Magnetic-Dashboard%E3%80%90360%C2%B0-Rotation%E3%80%91Hands-Accessories/dp/B0C1Y8Z6VT/ref=zg_bs_g_automotive_d_sccl_1/145-8561872-7371915?psc=1;4.4 out of 5 stars;18,257;$9.98
2;1;Best Sellers in Automotive;Rain-X 5079279-2 Latitude 2-In-1 Water Repellent Wiper Blades, 22 Inch Windshield Wipers (Pack Of 1), Automotive Replacement Windshield Wiper Blades With Patented Rain-X Water Repellency Formula;https://www.amazon.com/Rain-X-5079279-2-Windshield-Automotive-Replacement/dp/B016NA9V78/ref=zg_bs_g_automotive_d_sccl_2/145-8561872-7371915?psc=1;4.3 out of 5 stars;115,736;$15.78
3;1;Best Sellers in Automotive;"USANOOKS Microfiber Cleaning Cloth Grey - 12 Pcs (12.5""x12.5"") - High Performance - 1200 Washes, Ultra Absorbent Microfiber Towel Weave Grime & Liquid for Streak-Free Mirror Shine - Car Washing Cloth";https://www.amazon.com/Microfiber-Cleaning-Cloth-Performance-Washes/dp/B08BRJHJF9/ref=zg_bs_g_automotive_d_sccl_3/145-8561872-7371915?psc=1;4.6 out of 5 stars;16,805;$6.98
1;1;Best Sellers in Baby;Pampers Swaddlers Diapers, Size 5 (20-37 lbs), 132 Count, Absorbent, Keeps Baby Dry and Comfortable, Skin Safe Disposable Baby Diaper (Packaging May Vary);https://www.amazon.com/Pampers-Swaddlers-Disposable-Diapers-SUPPLY/dp/B010OVZO64/ref=zg_bs_g_baby-products_d_sccl_1/145-8561872-7371915?psc=1;4.8 out of 5 stars;129,384;$55.94
2;1;Best Sellers in Baby;Huggies Natural Care Sensitive Baby Wipes, Unscented, Hypoallergenic, 99% Purified Water, 12 Flip-Top Packs (768 Wipes Total), Packaging May Vary;https://www.amazon.com/HUGGIES-Natural-Unscented-Sensitive-Water-Based/dp/B07SCL613T/ref=zg_bs_g_baby-products_d_sccl_2/145-8561872-7371915?psc=1;4.8 out of 5 stars;117,221;$21.67
3;1;Best Sellers in Baby;Pampers Sensitive Baby Wipes, Water Based, Hypoallergenic and Unscented, 8 Flip-Top Packs, 4 Refill Packs (1008 Wipes Total);https://www.amazon.com/Pampers-Wipes-Sensitive-Perfume-Multi/dp/B0BJ13K7FR/ref=zg_bs_g_baby-products_d_sccl_3/145-8561872-7371915?psc=1;4.8 out of 5 stars;234,540;$33.99
1;1;Best Sellers in Beauty & Personal Care;Amazon Basics Cotton Swabs for Personal Hygiene and Baby Care, 500 Count, 1 Pack;https://www.amazon.com/Amazon-Basics-Cotton-Swabs-500ct/dp/B09541P9WH/ref=zg_bs_g_beauty_d_sccl_1/145-8561872-7371915?psc=1;4.7 out of 5 stars;62,106;$2.22
2;1;Best Sellers in Beauty & Personal Care;"Mighty Patch™ Original patch from Hero Cosmetics – The #1 Hydrocolloid Acne Pimple Patch for Shrinking Zits and Whiteheads in 1 use; Nighttime Spot Stickers for Face and Skin (36 Count)";https://www.amazon.com/Mighty-Patch-Hydrocolloid-Absorbing-count/dp/B074PVTPBW/ref=zg_bs_g_beauty_d_sccl_2/145-8561872-7371915?psc=1;4.6 out of 5 stars;178,036;$12.99
3;1;Best Sellers in Beauty & Personal Care;Medicube Zero Pore Pads 2.0, Dual-Textured Facial Toner Pads for Exfoliation and Pore Care with 4.5% AHA Lactic Acid & 0.45% BHA Salicylic Acid, Ideal for All Skin Types, Korean Skin Care (70 units);https://www.amazon.com/Medicube-Zero-Pore-Pads-Dual-Textured/dp/B09V7Z4TJG/ref=zg_bs_g_beauty_d_sccl_3/145-8561872-7371915?psc=1;4.5 out of 5 stars;14,096;$18.90
1;1;Best Sellers in Books;Partypooper: A side-splitting birthday disaster from the #1 international bestselling Diary of a Wimpy Kid series (Book 20) (Volume 20);https://www.amazon.com/Partypooper-side-splitting-birthday-international-bestselling/dp/141978269X/ref=zg_bs_g_books_d_sccl_1/145-8561872-7371915?psc=1;4.5 out of 5 stars;68;$10.97
2;1;Best Sellers in Books;Nobody's Girl: A Memoir of Surviving Abuse and Fighting for Justice;https://www.amazon.com/Nobodys-Girl-Surviving-Fighting-Justice/dp/0593493125/ref=zg_bs_g_books_d_sccl_2/145-8561872-7371915?psc=1;4.6 out of 5 stars;108;$31.36
3;1;Best Sellers in Books;To Rescue the American Spirit: Teddy Roosevelt and the Birth of a Superpower (The Presidential Series);https://www.amazon.com/Rescue-American-Spirit-Superpower-Presidential/dp/0063360756/ref=zg_bs_g_books_d_sccl_3/145-8561872-7371915?psc=1;5.0 out of 5 stars;7;$23.09
1;1;Best Sellers in CDs & Vinyl;The Life of a Showgirl[Sweat & Vanilla Perfume Orange Glitter Vinyl];https://www.amazon.com/Showgirl-Vanilla-Perfume-Orange-Glitter/dp/B0FQMJWYMB/ref=zg_bs_g_music_d_sccl_1/145-8561872-7371915?psc=1;4.7 out of 5 stars;587;$29.99
2;1;Best Sellers in CDs & Vinyl;The Life of a Showgirl[Sweat & Vanilla Perfume CD with Poster];https://www.amazon.com/Showgirl-Sweat-Vanilla-Perfume-Poster/dp/B0FQN7BYT7/ref=zg_bs_g_music_d_sccl_2/145-8561872-7371915?psc=1;4.7 out of 5 stars;587;$12.99
3;1;Best Sellers in CDs & Vinyl;KPop Demon Hunters (Soundtrack from the Netflix Film);https://www.amazon.com/KPop-Demon-Hunters-Soundtrack-Netflix/dp/B0FFTRGLGG/ref=zg_bs_g_music_d_sccl_3/145-8561872-7371915?psc=1;4.6 out of 5 stars;566;$17.98
1;1;Best Sellers in Camera & Photo Products;20x50 High Powered Binoculars for Adults, Waterproof Compact Binoculars with Low Light Vision for Bird Watching Hunting Camping Travel Cruise Hiking Sports Stargazing, Christmas Birthday Gifts for Men;https://www.amazon.com/Binoculars-Waterproof-Watching-Football-Stargazing/dp/B0CJRTRRTG/ref=zg_bs_g_photo_d_sccl_1/145-8561872-7371915?psc=1;4.4 out of 5 stars;3,193;$28.78
2;1;Best Sellers in Camera & Photo Products;Occer 12x25 Compact Binoculars for Adults and Kids, Large Eyepiece Waterproof Binocular with Low Light Vision,High Powered Easy Focus Binoculars for Bird Watching,Outdoor Hunting,Travel,Sightseeing;https://www.amazon.com/Binoculars-Waterproof-Binocular-Traveling-Sightseeing/dp/B0756BXDTX/ref=zg_bs_g_photo_d_sccl_2/145-8561872-7371915?psc=1;4.4 out of 5 stars;32,299;$35.99
3;1;Best Sellers in Camera & Photo Products;Elikliv Microscope, LCD Digital Coin Microscope 1000x, Coin Magnifier with 8 Adjustable LED Lights, PC View Compatible with Windows/MacBook, EDM4, 4.3-Inch;https://www.amazon.com/Elikliv-Microscope-Endoscope-Magnification-Adjustable/dp/B07QB79SN6/ref=zg_bs_g_photo_d_sccl_3/145-8561872-7371915?psc=1;4.5 out of 5 stars;8,529;$36.99
1;1;Best Sellers in Cell Phones & Accessories;Ailun 3 Pack Screen Protector for iPhone 17 Pro Max [6.9 inch] + 3 Pack Camera Lens Protector with Installation Frame,Dynamic Island Compatible,Case Friendly[Not for iPhone 17/17 Pro/iPhone Air];https://www.amazon.com/Ailun-iPhone-Pro-Max-Installation/dp/B0FDQH511S/ref=zg_bs_g_wireless_d_sccl_1/145-8561872-7371915?psc=1;4.5 out of 5 stars;372,868;$8.98
2;1;Best Sellers in Cell Phones & Accessories;Ailun Screen Protector for iPhone 16 / iPhone 15 / iPhone 15 Pro [6.1 Inch] Display 3 Pack Tempered Glass, Dynamic Island Compatible, Case Friendly [Not for iPhone 16 Pro 6.3 Inch].;https://www.amazon.com/Ailun-iPhone-15-Protection-Compatible/dp/B0CCYM3F1V/ref=zg_bs_g_wireless_d_sccl_2/145-8561872-7371915?psc=1;4.6 out of 5 stars;1,083,898;$5.98
3;1;Best Sellers in Cell Phones & Accessories;SUPFINE Magnetic for iPhone 17 Pro Max Case (Compatible with MagSafe)(Military Grade Drop Protection) Translucent Matte Shockproof with Anti-Fingerprint Phone Cover 2025,Black;https://www.amazon.com/SUPFINE-Pro-Max-Case-Anti-Fingerprint/dp/B0FH655984/ref=zg_bs_g_wireless_d_sccl_3/145-8561872-7371915?psc=1;4.6 out of 5 stars;34,534;$9.99
1;1;Best Sellers in Clothing, Shoes & Jewelry;SZIVYSHI Corset Tops for Women, Bustier Shapewear Lingerie, Lace Waist Push Up Bodysuit;https://www.amazon.com/SZIVYSHI-Shapewear-Lingerie-Strapless-Victorian/dp/B00HB6MCSO/ref=zg_bs_g_fashion_d_sccl_1/145-8561872-7371915?psc=1;4.4 out of 5 stars;6,707;$26.99
2;1;Best Sellers in Clothing, Shoes & Jewelry;Hanes EcoSmart Hoodie, Midweight Fleece, Pullover Hooded Sweatshirt for Men;https://www.amazon.com/Hanes-Pullover-EcoSmart-Fleece-Hoodie/dp/B00JUM3G6E/ref=zg_bs_g_fashion_d_sccl_2/145-8561872-7371915?psc=1;4.5 out of 5 stars;160,949;$8.73
3;1;Best Sellers in Clothing, Shoes & Jewelry;COSUSKET Snug Fit Unisex Adult Onesie Pajamas, Flannel Cosplay Animal One Piece Halloween Costume Sleepwear Homewear;https://www.amazon.com/Pajamas-Halloween-Cosplay-Costume-Sullivan/dp/B097ZKJ1CT/ref=zg_bs_g_fashion_d_sccl_3/145-8561872-7371915?psc=1;4.7 out of 5 stars;7,579;$32.99
1;1;Best Sellers in Collectible Coins;2025 - American Silver Eagle .999 Fine Silver with our Smyrnacoin Certificate of Authenticity Dollar Uncirculated US Mint;https://www.amazon.com/2024-American-Certificate-Authenticity-Uncirculated/dp/B0CQN17539/ref=zg_bs_g_coins_d_sccl_1/145-8561872-7371915?psc=1;4.8 out of 5 stars;248;$78.99
2;1;Best Sellers in Collectible Coins;Unsearched Wheat Penny Roll w/Silver Mercury Dime End Old Us Coin Shotgun Lot Mixed Years Circulated Vintage Collector;https://www.amazon.com/Unsearched-Mercury-Coin-Circulated-Collector/dp/B07RZ4DJLL/ref=zg_bs_g_coins_d_sccl_2/145-8561872-7371915?psc=1;3.7 out of 5 stars;1,449;$13.26
3;1;Best Sellers in Collectible Coins;"USMC 250th Anniversary Commemorative – Navy 250th Anniversary Coin, Double-Sided Marine Corps Challenge Coin with Metal Gift Box – Collectible Gift for Veterans, Marines, Patriots – 1.57""";https://www.amazon.com/USMC-250th-Anniversary-Commemorative-Double-Sided/dp/B0FDKZ2CTT/ref=zg_bs_g_coins_d_sccl_3/145-8561872-7371915?psc=1;4.5 out of 5 stars;51;$18.99
1;1;Best Sellers in Computers & Accessories;Anker USB C Hub, 5-in-1 USBC to HDMI Splitter with 4K Display, 1 x Powered USB-C 5Gbps & 2×Powered USB-A 3.0 5Gbps Data Ports for MacBook Pro, MacBook Air, Dell and More;https://www.amazon.com/Anker-Display-MacBook-Thinkpad-Laptops/dp/B0BQLLB61B/ref=zg_bs_g_pc_d_sccl_1/145-8561872-7371915?psc=1;4.4 out of 5 stars;14,578;$18.99
2;1;Best Sellers in Computers & Accessories;"Amazon Fire HD 10 tablet, built for relaxation, 10.1"" vibrant Full HD screen, octa-core processor, 3 GB RAM, 32 GB, Black";https://www.amazon.com/Amazon_Fire_HD_10/dp/B0BHZT5S12/ref=zg_bs_g_pc_d_sccl_2/145-8561872-7371915?psc=1;4.5 out of 5 stars;33,867;$139.99
3;1;Best Sellers in Computers & Accessories;"Apple 2025 MacBook Air 13-inch Laptop with M4 chip: Built for Apple Intelligence, 13.6-inch Liquid Retina Display, 16GB Unified Memory, 256GB SSD Storage, 12MP Center Stage Camera, Touch ID; Midnight";https://www.amazon.com/Apple-2025-MacBook-13-inch-Laptop/dp/B0DZD9S5GC/ref=zg_bs_g_pc_d_sccl_3/145-8561872-7371915?psc=1;4.8 out of 5 stars;3,399;$832.99
1;1;Best Sellers in Electronics;Blink Subscription Plus Plan with monthly auto-renewal;https://www.amazon.com/Blink-Plus-Plan-monthly-auto-renewal/dp/B08JHCVHTY/ref=zg_bs_g_electronics_d_sccl_1/145-8561872-7371915?psc=1;4.4 out of 5 stars;263,260;$11.99
2;1;Best Sellers in Electronics;Apple EarPods Headphones with USB-C Plug, Wired Ear Buds with Built-in Remote to Control Music, Phone Calls, and Volume;https://www.amazon.com/Apple-EarPods-Headphones-Built-Control/dp/B0DCH8VDXF/ref=zg_bs_g_electronics_d_sccl_2/145-8561872-7371915?psc=1;4.6 out of 5 stars;18,454;$14.44
3;1;Best Sellers in Electronics;Amazon Fire TV Stick HD (newest model), free and live TV, Alexa Voice Remote, smart home controls, HD streaming;https://www.amazon.com/amazon-fire-tv-stick-hd/dp/B0CQMRKRV5/ref=zg_bs_g_electronics_d_sccl_3/145-8561872-7371915?psc=1;4.7 out of 5 stars;43,186;$19.99
1;1;Best Sellers in Entertainment Collectibles;PYAJUU Stray Kids Laser Photocard 50pcs Stray Kids Laser Card Kpop Stray Kids LOMO Cards Kpop Straykids 5-Strar Album Card Stray Kids Photo Cards 5-Star Postcard Gift for Fans Daugher;https://www.amazon.com/Photocard-Straykids-5-Strar-Postcard-Daugher/dp/B0CD7C12L2/ref=zg_bs_g_entertainment-collectibles_d_sccl_1/145-8561872-7371915?psc=1;4.7 out of 5 stars;313;$9.29
2;1;Best Sellers in Entertainment Collectibles;Star Wars 2023 Topps Value Box | 10 Packs Per Box;https://www.amazon.com/Star-Wars-Topps-Value-Packs/dp/B0CF9VZKL4/ref=zg_bs_g_entertainment-collectibles_d_sccl_2/145-8561872-7371915?psc=1;4.4 out of 5 stars;63;$44.99
3;1;Best Sellers in Entertainment Collectibles;Trump Trading Card - Assasination Attempt- Gem 10 Graded - Trump Collectible Card - Trump Gifts - Trump 2024 - Make America Great Again;https://www.amazon.com/Trump-Trading-Card-Assasination-Collectible/dp/B0D9QRC5TZ/ref=zg_bs_g_entertainment-collectibles_d_sccl_3/145-8561872-7371915?psc=1;4.8 out of 5 stars;85;$12.99
1;1;Best Sellers in Gift Cards;Amazon Gift Card Balance Reload;https://www.amazon.com/Amazon-com-Gift-Card-Balance-Reload/dp/B0CHTKNWBL/ref=zg_bs_g_gift-cards_d_sccl_1/145-8561872-7371915?psc=1;4.7 out of 5 stars;532,838;$25.00
2;1;Best Sellers in Gift Cards;Amazon eGift Card - Greetings - (Instant Email or Text Delivery);https://www.amazon.com/Amazon-eGift-Card-Happy-Birthday/dp/B0FLDMPWBR/ref=zg_bs_g_gift-cards_d_sccl_2/145-8561872-7371915?psc=1;4.9 out of 5 stars;354;$50.00
3;1;Best Sellers in Gift Cards;Amazon eGift Card - (Instant Email or Text Delivery);https://www.amazon.com/Amazon-eGift-Card-Logo-Animated/dp/B07PCMWTSG/ref=zg_bs_g_gift-cards_d_sccl_3/145-8561872-7371915?psc=1;4.8 out of 5 stars;342,640;$50.00
1;1;Best Sellers in Grocery & Gourmet Food;CELSIUS Sparkling Orange, Functional Essential Energy Drink 12 Fl Oz (Pack of 12);https://www.amazon.com/CELSIUS-Sparkling-Orange-Fitness-Drink/dp/B007R8XGJA/ref=zg_bs_g_grocery_d_sccl_1/145-8561872-7371915?psc=1;4.6 out of 5 stars;96,018;$14.04
2;1;Best Sellers in Grocery & Gourmet Food;Nespresso Capsules Vertuo, Variety Pack, Medium and Dark Roast Coffee, 30 Count Coffee Pods, Brews 7.8 oz.;https://www.amazon.com/Nespresso-Vertuoline-Seller-Assortment-Count/dp/B01N05APQY/ref=zg_bs_g_grocery_d_sccl_2/145-8561872-7371915?psc=1;4.8 out of 5 stars;123,431;$42.00
3;1;Best Sellers in Grocery & Gourmet Food;Premier Protein Shake, Chocolate, 30g Protein 1g Sugar 24 Vitamins Minerals Nutrients to Support Immune Health, 11.5 fl oz (Pack of 12);https://www.amazon.com/Premier-Protein-Shake-Chocolate-11-5/dp/B07MJL8NXR/ref=zg_bs_g_grocery_d_sccl_3/145-8561872-7371915?psc=1;4.6 out of 5 stars;249,884;$25.70
1;1;Best Sellers in Handmade Products;Hearth and Homestead: Handmade Whipped Tallow Balm (Unscented/Herb-Infused) - Organic Body Butter with Infused Olive Oil, for Eczema, Rosacea, Baby - 1.3 oz;https://www.amazon.com/Hearth-Homestead-Handmade-Whipped-Unscented/dp/B0BJMSH4JX/ref=zg_bs_g_handmade_d_sccl_1/145-8561872-7371915?psc=1;4.7 out of 5 stars;10,650;$29.99
2;1;Best Sellers in Handmade Products;Sereney Birthday Gifts for Girls, Beaded Bracelets as 1 3 4 5 6 7 8 9 10 11 12 13 15 16 Year Old Birthday Gift, Adjustable Stone/Pearl Bracelet as Happy Birthday Gifts for Daughter Granddaughter Niece;https://www.amazon.com/Sereney-Birthday-Adjustable-Bracelets-Granddaughter/dp/B0D7BG2XS8/ref=zg_bs_g_handmade_d_sccl_2/145-8561872-7371915?psc=1;4.8 out of 5 stars;1,576;$9.99
3;1;Best Sellers in Handmade Products;Sweet Water Decor Cozy Season Soy Candles - Fall Candles with Woods, Warm Spice, and Citrus Scent for Home Decor - Soy Candle with 40 Hours Burn Time - 9Oz Black Lid Amber Jar Candles Fall Scents;https://www.amazon.com/Sweet-Water-Decor-Scented-Candles/dp/B0CBD113LF/ref=zg_bs_g_handmade_d_sccl_3/145-8561872-7371915?psc=1;4.4 out of 5 stars;1,414;$19.99
1;1;Best Sellers in Health & Household;Amazon Basics 48-Pack AA Alkaline High-Performance Batteries, 1.5 Volt, 10-Year Shelf Life;https://www.amazon.com/AmazonBasics-Performance-Alkaline-Batteries-Count/dp/B00MNV8E0C/ref=zg_bs_g_hpc_d_sccl_1/145-8561872-7371915?psc=1;4.7 out of 5 stars;875,456;$14.99
2;1;Best Sellers in Health & Household;Bounty Quick Size Paper Towels, White, 8 Family Rolls = 20 Regular Rolls (Packaging May Vary);https://www.amazon.com/Bounty-Quick-Size-Towels-Family-Regular/dp/B07MHJFRBJ/ref=zg_bs_g_hpc_d_sccl_2/145-8561872-7371915?psc=1;4.8 out of 5 stars;289,129;$24.42
3;1;Best Sellers in Health & Household;Scott ComfortPlus Toilet Paper, 12 Double Rolls, 231 Sheets per Roll, Septic-Safe, 1-Ply Toilet Tissue;https://www.amazon.com/Scott-Comfortplus-Toilet-Tissue-Double/dp/B07BGLT25K/ref=zg_bs_g_hpc_d_sccl_3/145-8561872-7371915?psc=1;4.5 out of 5 stars;110,904;$6.49
1;1;Best Sellers in Home & Kitchen;Owala FreeSip Insulated Stainless Steel Water Bottle with Straw, BPA-Free Sports Water Bottle, Great for Travel, 24 Oz, Denim;https://www.amazon.com/Owala-FreeSip-Insulated-Stainless-BPA-Free/dp/B0BZYCJK89/ref=zg_bs_g_home-garden_d_sccl_1/145-8561872-7371915?psc=1;4.7 out of 5 stars;92,749;$29.99
2;1;Best Sellers in Home & Kitchen;Queen Size 4 Piece Sheet Set - Comfy Breathable & Cooling Bed Sheets Set - Hotel Luxury Bedding for Women, Men, Kids & Teens - Deep Pockets, Easy Secure Fit, Soft and Wrinkle Free - Oeko-Tex - White;https://www.amazon.com/Queen-Size-Piece-Sheet-Set/dp/B01M16WBW1/ref=zg_bs_g_home-garden_d_sccl_2/145-8561872-7371915?psc=1;4.4 out of 5 stars;407,175;$24.99
3;1;Best Sellers in Home & Kitchen;Barossa Design Plastic Shower Liner Clear - Premium PEVA Shower Curtain Liner with Rustproof Grommets and 3 Magnets, Waterproof Cute Lightweight Standard Size Bathroom Curtains - Clear;https://www.amazon.com/Plastic-Shower-Liner-Clear-Chemical/dp/B08QRFZ6TH/ref=zg_bs_g_home-garden_d_sccl_3/145-8561872-7371915?psc=1;4.5 out of 5 stars;86,785;$8.95
1;1;Best Sellers in Industrial & Scientific;MedPride Powder-Free Nitrile Exam Gloves, Iris Blue, Medium, Box/100;https://www.amazon.com/MedPride-Powder-Free-Nitrile-Gloves-Medium/dp/B00GS8W3T4/ref=zg_bs_g_industrial_d_sccl_1/145-8561872-7371915?psc=1;4.7 out of 5 stars;100,802;$9.99
2;1;Best Sellers in Industrial & Scientific;Supmedic Medical Soft Max™ Nitrile Exam Gloves, 100 Count Latex-Free Powder-Free Non-Sterile Food Safe Disposable Glove, Blue;https://www.amazon.com/Supmedic-Nitrile-Disposable-Powder-Free-Latex-Free/dp/B0C9S5PMSD/ref=zg_bs_g_industrial_d_sccl_2/145-8561872-7371915?psc=1;4.7 out of 5 stars;19,221;$7.81
3;1;Best Sellers in Industrial & Scientific;Amazon Brand - Presto! Flex-a-Size Paper Towels, 158 Sheet Huge Roll, 12 Rolls (2 Packs of 6), Equivalent to 38 Regular Rolls, White;https://www.amazon.com/Amazon-Brand-Flex-Size-Regular/dp/B074CR89QG/ref=zg_bs_g_industrial_d_sccl_3/145-8561872-7371915?psc=1;4.5 out of 5 stars;114,186;$28.40
1;1;Best Sellers in Kindle Store;Nobody's Girl: A Memoir of Surviving Abuse and Fighting for Justice;https://www.amazon.com/Nobodys-Girl-Surviving-Fighting-Justice-ebook/dp/B0FLHXDQHM/ref=zg_bs_g_digital-text_d_sccl_1/145-8561872-7371915?psc=1;4.6 out of 5 stars;108;$14.99
2;1;Best Sellers in Kindle Store;The Widow: A Novel;https://www.amazon.com/Widow-Novel-John-Grisham-ebook/dp/B0F12K22XQ/ref=zg_bs_g_digital-text_d_sccl_2/145-8561872-7371915?psc=1;4.4 out of 5 stars;85;$13.99
3;1;Best Sellers in Kindle Store;The Intruder;https://www.amazon.com/Intruder-Freida-McFadden-ebook/dp/B0F77XYNSQ/ref=zg_bs_g_digital-text_d_sccl_3/145-8561872-7371915?psc=1;4.3 out of 5 stars;24,115;$4.99
1;1;Best Sellers in Kitchen & Dining;Owala FreeSip Insulated Stainless Steel Water Bottle with Straw, BPA-Free Sports Water Bottle, Great for Travel, 24 Oz, Denim;https://www.amazon.com/Owala-FreeSip-Insulated-Stainless-BPA-Free/dp/B0BZYCJK89/ref=zg_bs_g_kitchen_d_sccl_1/145-8561872-7371915?psc=1;4.7 out of 5 stars;92,749;$29.99
2;1;Best Sellers in Kitchen & Dining;STANLEY Quencher H2.0 Tumbler with Handle and Straw 30 oz | Flowstate 3-Position Lid | Cup Holder Compatible for Travel | Insulated Stainless Steel Cup | BPA-Free | Lilac;https://www.amazon.com/STANLEY-Flowstate-3-Position-Compatible-Insulated/dp/B0CJZMP7L1/ref=zg_bs_g_kitchen_d_sccl_2/145-8561872-7371915?psc=1;4.7 out of 5 stars;77,498;
3;1;Best Sellers in Kitchen & Dining;Etekcity Food Kitchen Scale, Digital Grams and Ounces for Weight Loss, Baking, Cooking, Keto and Meal Prep, LCD Display, Medium, 304 Stainless Steel;https://www.amazon.com/Etekcity-Multifunction-Stainless-Batteries-Included/dp/B0113UZJE2/ref=zg_bs_g_kitchen_d_sccl_3/145-8561872-7371915?psc=1;4.6 out of 5 stars;168,537;$10.99
1;1;Best Sellers in Movies & TV;Mission: Impossible 8: The Final Reckoning;https://www.amazon.com/Mission-Impossible-8-Final-Reckoning/dp/B0F8W6CMR9/ref=zg_bs_g_movies-tv_d_sccl_1/145-8561872-7371915?psc=1;4.6 out of 5 stars;147;$24.49
2;1;Best Sellers in Movies & TV;Army of Darkness - Limited Edition Steelbook [4K UHD];https://www.amazon.com/Army-Darkness-Limited-Steelbook-UHD/dp/B0B4TP8NM6/ref=zg_bs_g_movies-tv_d_sccl_2/145-8561872-7371915?psc=1;4.8 out of 5 stars;12,548;$17.99
3;1;Best Sellers in Movies & TV;Downton Abbey: The Grand Finale - Collector's Edition [DVD];https://www.amazon.com/Downton-Abbey-Grand-Finale-Collectors/dp/B0FQKZFX3S/ref=zg_bs_g_movies-tv_d_sccl_3/145-8561872-7371915?psc=1;4.1 out of 5 stars;10;$17.95
1;1;Best Sellers in Musical Instruments;FogWorx Extreme High Density Fog Juice - Quart – 32 Fluid Ounces of Long Lasting, High Output, Odorless Water Based Machine Fluid for 400 to 1500 Watt Machines;https://www.amazon.com/FogWorx-Extreme-High-Density-Juice/dp/B0777S56RB/ref=zg_bs_g_musical-instruments_d_sccl_1/145-8561872-7371915?psc=1;4.6 out of 5 stars;21,298;$17.99
2;1;Best Sellers in Musical Instruments;Mini Mic Pro (Latest Model) - Professional Wireless Microphone for iPhone, iPad, Android, Lavalier Microphone for Video Recording - iPhone Mic Crystal Clear Recording with USB-C for Content Creators;https://www.amazon.com/Mini-Mic-Pro-Professional-Microphone/dp/B0CMJTSVRW/ref=zg_bs_g_musical-instruments_d_sccl_2/145-8561872-7371915?psc=1;4.3 out of 5 stars;4,958;$24.99
3;1;Best Sellers in Musical Instruments;DJI Mic Mini (2 TX + 1 RX + Charging Case), Wireless Lavalier Microphone for iPhone/Camera/Android, Ultralight, Detail-Rich Audio, 48h Use, Noise Cancelling, Automatic Limiting, Vlog, Streaming;https://www.amazon.com/DJI-Microphone-Ultralight-Detail-Rich-Cancelling/dp/B0DDL8WGH5/ref=zg_bs_g_musical-instruments_d_sccl_3/145-8561872-7371915?psc=1;4.7 out of 5 stars;6,637;$98.90
1;1;Best Sellers in Office Products;Amazon Basics Multipurpose Copy Printer Paper, 8.5 x 11 Inches, 20 lb, 1 Ream, (500 Sheets), 92 Bright, White;https://www.amazon.com/AmazonBasics-Multipurpose-Copy-Printer-Paper/dp/B01FV0F8H8/ref=zg_bs_g_office-products_d_sccl_1/145-8561872-7371915?psc=1;4.8 out of 5 stars;203,230;$6.65
2;1;Best Sellers in Office Products;HP 67XL Black High-yield Ink Cartridge for HP Printers | Works with Printer Series: DeskJet 1255, 2700, 4100, ENVY 6000, 6400 Series | Eligible for Instant Ink | 3YM57AN;https://www.amazon.com/HP-Cartridge-Black-3YM57AN-Tri-Color/dp/B08412PTS8/ref=zg_bs_g_office-products_d_sccl_2/145-8561872-7371915?psc=1;4.6 out of 5 stars;102,733;$35.89
3;1;Best Sellers in Office Products;HP Printer Paper | 8.5 x 11 Paper | Copy &Print 20 lb | 1 Ream Case - 500 Sheets| 92 Bright | Made in USA - FSC Certified | 200060;https://www.amazon.com/HP-Printer-Paper-Print20-200060R/dp/B001AFL8GY/ref=zg_bs_g_office-products_d_sccl_3/145-8561872-7371915?psc=1;4.8 out of 5 stars;91,280;$6.67
1;1;Best Sellers in Patio, Lawn & Garden;Zevo Flying Insect Trap & Cartridge - Plug in Fly Trap & Indoor Bug Catcher for Gnats, House & Fruit Flies - Mess-Free - Use in Any Room - Uses Blue & UV Light (1 Plug in Device & 1 Cartridge);https://www.amazon.com/Electric-Flying-Insect-Trap-Starter/dp/B07T869RNY/ref=zg_bs_g_lawn-garden_d_sccl_1/145-8561872-7371915?psc=1;4.2 out of 5 stars;69,805;$19.97
2;1;Best Sellers in Patio, Lawn & Garden;Zevo Flying Insect Trap Official Refill Cartridges - Fits Both Zevo Trap & MAX Indoor Fly Trap - Authentic Trap+Lock Technology to Catch Gnats, House & Fruit Flys (4 Official Refill Cartridges);https://www.amazon.com/ZEVO-Flying-Insect-Refills-Indoor/dp/B0C3FTCYZL/ref=zg_bs_g_lawn-garden_d_sccl_2/145-8561872-7371915?psc=1;4.8 out of 5 stars;30,069;$14.82
3;1;Best Sellers in Patio, Lawn & Garden;TERRO Fruit Fly Traps for Indoors (4 Pack) + 180 Days of Lure Supply;https://www.amazon.com/Terro-Fruit-Trap-Traps-Supply/dp/B01MRHXM0I/ref=zg_bs_g_lawn-garden_d_sccl_3/145-8561872-7371915?psc=1;4.0 out of 5 stars;21,673;$10.99
1;1;Best Sellers in Pet Supplies;"Amazon Basics Dog and Puppy Pee Pads, 5-Layer Leak-Proof Super Absorbent, Quick-Dry Surface, Potty Training, Regular (22x22""), 100 Count, Blue & White";https://www.amazon.com/Amazon-Basics-Leak-Proof-Quick-Dry-Absorbency/dp/B00MW8G62E/ref=zg_bs_g_pet-supplies_d_sccl_1/145-8561872-7371915?psc=1;4.5 out of 5 stars;222,912;$18.08
2;1;Best Sellers in Pet Supplies;Dr. Elsey's Ultra UnScented Clumping Clay Cat Litter 40 lb. Bag;https://www.amazon.com/Dr-Elseys-Premium-Clumping-Litter/dp/B0009X29WK/ref=zg_bs_g_pet-supplies_d_sccl_2/145-8561872-7371915?psc=1;4.3 out of 5 stars;90,441;$20.99
3;1;Best Sellers in Pet Supplies;Fresh Step Clumping Cat Litter, Multi-Cat, Long Lasting Odor Control Kitty Litter with Activated Charcoal, Low Dust Formula, 14 lb;https://www.amazon.com/Fresh-Step-Multi-Cat-Febreze-Shield/dp/B000VDR8LA/ref=zg_bs_g_pet-supplies_d_sccl_3/145-8561872-7371915?psc=1;4.6 out of 5 stars;89,134;$10.49
1;1;Best Sellers in Software;[OLD VERSION] TurboTax Deluxe 2024 Tax Software, Federal & State Tax Return [PC/MAC Download];https://www.amazon.com/TurboTax-Deluxe-Software-Federal-Download/dp/B0DHYGWYJ6/ref=zg_bs_g_software_d_sccl_1/145-8561872-7371915?psc=1;4.3 out of 5 stars;14,098;$79.99
2;1;Best Sellers in Software;Microsoft Office Home 2024 | Classic Apps: Word, Excel, PowerPoint | One-Time Purchase for 1 PC/MAC | Instant Download | Formerly Home & Student 2021 [PC/Mac Online Code];https://www.amazon.com/Microsoft-Office-Home-2024-Classic/dp/B0DGVQMGBB/ref=zg_bs_g_software_d_sccl_2/145-8561872-7371915?psc=1;4.2 out of 5 stars;1,292;$149.99
3;1;Best Sellers in Software;McAfee Total Protection 2026 Ready 5-Device | AntiVirus Software 2026 for PC, Secure VPN, Password Manager, Identity Monitoring | 1 Year Subscription Auto-Renewal;https://www.amazon.com/McAfee-Protection-Exclusive-Monitoring-Subscription/dp/B0BB2GF9WW/ref=zg_bs_g_software_d_sccl_3/145-8561872-7371915?psc=1;4.3 out of 5 stars;1,917;$19.99
1;1;Best Sellers in Sports & Outdoors;Owala FreeSip Insulated Stainless Steel Water Bottle with Straw, BPA-Free Sports Water Bottle, Great for Travel, 24 Oz, Black Cherry;https://www.amazon.com/Owala-FreeSip-Insulated-Stainless-BPA-Free/dp/B0FJN3BTPV/ref=zg_bs_g_sporting-goods_d_sccl_1/145-8561872-7371915?psc=1;4.7 out of 5 stars;92,749;$29.99
2;1;Best Sellers in Sports & Outdoors;Owala FreeSip Sway Insulated Stainless Steel Water Bottle with Two-Way Spout, Built-In Straw and Bucket Handle, Made for Travel, School, and Sports, 30oz, BPA Free, Leak Proof, Black Cherry;https://www.amazon.com/Owala-FreeSip-Insulated-Stainless-Two-Way/dp/B0FK124QCT/ref=zg_bs_g_sporting-goods_d_sccl_2/145-8561872-7371915?psc=1;4.8 out of 5 stars;1,273;$34.99
3;1;Best Sellers in Sports & Outdoors;Amazon Basics Neoprene Dumbbell Hand Weights for Exercise and Muscle Toning;https://www.amazon.com/AmazonBasics-Pound-Neoprene-Dumbbells-Weights/dp/B01LR5RBZ8/ref=zg_bs_g_sporting-goods_d_sccl_3/145-8561872-7371915?psc=1;4.8 out of 5 stars;118,772;$7.99
1;1;Best Sellers in Sports Collectibles;2025 Topps Series 1 Baseball - Factory Sealed - Value Box;https://www.amazon.com/2025-Topps-Baseball-Factory-Sealed/dp/B0DWYYPRYL/ref=zg_bs_g_sports-collectibles_d_sccl_1/145-8561872-7371915?psc=1;4.6 out of 5 stars;283;$39.51
2;1;Best Sellers in Sports Collectibles;2025 Score Football Series Sealed Blaster Box with 24 Rookies Cards, 18 Insert Cards, a Blaster EXCLUSIVE Parallel and Chance For Rookie Signature Autographs Cam Ward Travis Hunter Jaxson Dart Plus;https://www.amazon.com/Football-EXCLUSIVE-Parallel-Signature-Autographs/dp/B0FT78QCLM/ref=zg_bs_g_sports-collectibles_d_sccl_2/145-8561872-7371915?psc=1;5.0 out of 5 stars;1;$29.99
3;1;Best Sellers in Sports Collectibles;2024-25 Topps Chrome Basketball - Factory Sealed - Value Box;https://www.amazon.com/2024-25-Topps-Chrome-Basketball-Factory/dp/B0F6TRHYDS/ref=zg_bs_g_sports-collectibles_d_sccl_3/145-8561872-7371915?psc=1;4.1 out of 5 stars;113;$26.90
1;1;Best Sellers in Tools & Home Improvement;Blink Subscription Plus Plan with monthly auto-renewal;https://www.amazon.com/Blink-Plus-Plan-monthly-auto-renewal/dp/B08JHCVHTY/ref=zg_bs_g_hi_d_sccl_1/145-8561872-7371915?psc=1;4.4 out of 5 stars;263,260;$11.99
2;1;Best Sellers in Tools & Home Improvement;Ring Battery Doorbell | Home or business security with Head-to-Toe Video, Live View with Two-Way Talk, and Motion Detection & Alerts (newest model), Satin Nickel;https://www.amazon.com/Ring-Battery-Doorbell-Head-to-Toe-Video-Satin-Nickel/dp/B0BZWRSRWV/ref=zg_bs_g_hi_d_sccl_2/145-8561872-7371915?psc=1;4.6 out of 5 stars;29,928;$49.99
3;1;Best Sellers in Tools & Home Improvement;Homemory 12Pcs Flickering Flameless Candle Battery Operated, 200+Hours Fake Electric LED Tea Lights for Votive, Centerpiece Table Decorations, Wedding, Aniversary, Halloween, Christmas;https://www.amazon.com/Homemory-Realistic-Flickering-Flameless-Celebration/dp/B01EDKGFGU/ref=zg_bs_g_hi_d_sccl_3/145-8561872-7371915?psc=1;4.7 out of 5 stars;71,605;$8.99
1;1;Best Sellers in Toys & Games;PartyWoo Black Balloons 140 pcs Different Sizes Pack of 18 12 10 5 Inch Matte Black Latex Balloon Arch Kit Garland for Graduation Halloween New Year Anniversary Birthday Party Decorations Black-Y18;https://www.amazon.com/PartyWoo-Balloons-Different-Birthday-Decorations/dp/B0BDQLJMFV/ref=zg_bs_g_toys-and-games_d_sccl_1/145-8561872-7371915?psc=1;4.4 out of 5 stars;6,444;$6.79
2;1;Best Sellers in Toys & Games;"PartySticks Ultra Bright Glow Sticks Bulk Party Supplies 100 Pack - 8"" Glow in the Dark Light Up Halloween Party Favors, Glow Decorations, Neon Party Necklaces and Bracelets with Connectors";https://www.amazon.com/PartySticks-Sticks-Party-Supplies-100pk/dp/B00N1QPNMA/ref=zg_bs_g_toys-and-games_d_sccl_2/145-8561872-7371915?psc=1;4.6 out of 5 stars;24,819;$9.99
3;1;Best Sellers in Toys & Games;Bezente Assorted Rainbow Latex Balloons, 100 Pack 12 inch Round Helium Bright Color Balloons for Birthday Bridal Shower Wedding Party Decorations;https://www.amazon.com/Bezente-Assorted-Balloons-Birthday-Decorations/dp/B0BZCHMVTK/ref=zg_bs_g_toys-and-games_d_sccl_3/145-8561872-7371915?psc=1;4.6 out of 5 stars;10,721;$6.99
1;1;Best Sellers in Unique Finds;SkaterTrainers- Skateboard Tricks Fast No Experience Needed- Fun, Safe, and Easy- Ollies, Kickflips and More- All Ages- Accessories Make Great Stocking Stuffers Gifts for Teen Boys and Girls;https://www.amazon.com/Skater-Trainers-Skateboard-Tricks-Skateboarding/dp/B01F49C8NI/ref=zg_bs_g_boost_d_sccl_1/145-8561872-7371915?psc=1;4.6 out of 5 stars;7,146;$26.00
2;1;Best Sellers in Unique Finds;Kinsa Smart,Fever, Digital Medical Baby, Kid and Adult Termometro - Accurate, Fast, FDA Cleared Thermometer for Oral, Armpit or Rectal Temperature Reading - QuickCare;https://www.amazon.com/Kinsa-Smart-Thermometer-Fever-Temperature/dp/B0795ZW85G/ref=zg_bs_g_boost_d_sccl_2/145-8561872-7371915?psc=1;4.4 out of 5 stars;4,626;$24.98
3;1;Best Sellers in Unique Finds;The Door Balancer Eliminates The Need for Door Props, Door Stops and Door Wedges;https://www.amazon.com/Door-Balancer-Eliminates-Props-Wedges/dp/B01ACGXIJQ/ref=zg_bs_g_boost_d_sccl_3/145-8561872-7371915?psc=1;4.4 out of 5 stars;1,006;$7.99
1;1;Best Sellers in Video Games;Roblox Digital Gift Card - 1,000 Robux [Includes Exclusive Virtual Item] [Digital Code];https://www.amazon.com/Robux-Roblox-Online-Game-Code/dp/B07RZ74VLR/ref=zg_bs_g_videogames_d_sccl_1/145-8561872-7371915?psc=1;4.5 out of 5 stars;177,593;$10.00
2;1;Best Sellers in Video Games;Luna Premium;https://www.amazon.com/Luna-Plus/dp/B085TRCCT6/ref=zg_bs_g_videogames_d_sccl_2/145-8561872-7371915?psc=1;4.5 out of 5 stars;43;$9.99
3;1;Best Sellers in Video Games;$10 -PlayStation Store Gift Card [Digital Code];https://www.amazon.com/PlayStation-Store-Gift-Card-Digital/dp/B00GAC1D2G/ref=zg_bs_g_videogames_d_sccl_3/145-8561872-7371915?psc=1;4.6 out of 5 stars;272,096;$10.00
