rank;page;category;title;link;rating;review_count;price;move_%;sales_rank_now;sales_rank_was
1;1;Movers & Shakers in Amazon Devices & Accessories;Blink Mini 2 — Home Security & Pet Camera(s) with HD video, color night view, motion detection, two-way audio, and built-in spotlight — 1 camera (Black);https://www.amazon.com/Blink-Mini-2-Camera-Black/dp/B0BWX39R5W/ref=zg_bsms_g_amazon-devices_d_sccl_1/136-5094779-5527625?psc=1;4.5 out of 5 stars;15,905;$44.82 (converted);114.0;7.0;15.0
2;1;Movers & Shakers in Amazon Devices & Accessories;Blink Video Doorbell (newest model) – Head-to-toe HD view, two-year battery life, and simple setup. Required Sync Module not included – Add-On (Black);https://www.amazon.com/Blink-Video-Doorbell-Sync-Module-Not-Included-Add-On-Black/dp/B0DGQVYW2K/ref=zg_bsms_g_amazon-devices_d_sccl_2/136-5094779-5527625?psc=1;4.3 out of 5 stars;8,803;$29.88 (converted);75.0;8.0;14.0
3;1;Movers & Shakers in Amazon Devices & Accessories;Blink Arc – Plug-in Panoramic Vision, 180° dual-camera mount for Mini 2K+ or Mini 2 (sold separately) – Mount Accessory only (Black);https://www.amazon.com/Blink-Arc-Mount-Black/dp/B0FKPK5D8F/ref=zg_bsms_g_amazon-devices_d_sccl_3/136-5094779-5527625?psc=1;3.0 out of 5 stars;2;$19.91 (converted);60.0;68.0;109.0
1;1;Movers & Shakers in Amazon Renewed;HP CHROMEBOOK 11 G8 - Education Edition - 11.6'' - CELERON N4020 - 4 GB RAM - 32 GB EMMC - US (Renewed), Black;https://www.amazon.com/HP-CHROMEBOOK-11-G8-Education/dp/B09BWR8TMP/ref=zg_bsms_g_amazon-renewed_d_sccl_1/136-5094779-5527625?psc=1;4.1 out of 5 stars;952;$64.75 (converted);;;
2;1;Movers & Shakers in Amazon Renewed;Motorola Moto G 5G | 2022 | 2-Day Battery | GSM Unlocked | Made for US by Motorola | 4/64GB | 50 MP Camera | Moonlight Gray (Renewed);https://www.amazon.com/Battery-Unlocked-Motorola-Moonlight-Renewed/dp/B0BK5HRGXM/ref=zg_bsms_g_amazon-renewed_d_sccl_2/136-5094779-5527625?psc=1;4.1 out of 5 stars;323;$69.73 (converted);44.0;347.0;501.0
3;1;Movers & Shakers in Amazon Renewed;Apple 2020 iPad Pro 2nd Gen 11 inch, Wi-Fi + Cellular, 128GB, Space Gray (Renewed);https://www.amazon.com/Apple-Wi-Fi-Cellular-128GB-Renewed/dp/B08CBK9Q3G/ref=zg_bsms_g_amazon-renewed_d_sccl_3/136-5094779-5527625?psc=1;4.4 out of 5 stars;196;$420.41 (converted);41.0;393.0;557.0
1;1;Movers & Shakers in Appliances;Gevi V2.0 Countertop Ice Maker 38lbs/24H, Ice Maker Nugget with Stainless Steel Housing, Chewable Pellet Ice Maker with Pour Water Refill, Self-Cleaning &Energy-Efficient, Black;https://www.amazon.com/Gevi-Countertop-Stainless-Self-Cleaning-Energy-Efficient/dp/B0F7QR6VJY/ref=zg_bsms_g_appliances_d_sccl_1/136-5094779-5527625?psc=1;4.2 out of 5 stars;560;$349.67 (converted);;;
2;1;Movers & Shakers in Appliances;EUHOMY Smart Nugget Ice Maker Countertop, Pebble Ice Maker Machine with APP Control, 40lbs/24H, Ready in 7 Mins, Self-Cleaning, Portable Sonic Ice Makers with Hanging Ice Scoop for Home/Kitchen/Office;https://www.amazon.com/EUHOMY-Countertop-Portable-Control-Self-Cleaning/dp/B0F32F179K/ref=zg_bsms_g_appliances_d_sccl_2/136-5094779-5527625?psc=1;4.3 out of 5 stars;940;$201.16 (converted);;;
3;1;Movers & Shakers in Appliances;30 inch Under Cabinet Range Hood 1200 CFM with 4-Speed Gesture Sensing & Touch Control, Stainless Steel Kitchen Stove Vent Hoods with 2 LED Lights, Time Setting, Dishwasher-Safe Baffle Filters;https://www.amazon.com/Cabinet-4-Speed-Gesture-Stainless-Dishwasher-Safe/dp/B0F8HQ9LMV/ref=zg_bsms_g_appliances_d_sccl_3/136-5094779-5527625?psc=1;4.6 out of 5 stars;56;$398.49 (converted);;;
1;1;Movers & Shakers in Apps & Games;Kitty & Granny: The Magic Paw;https://www.amazon.com/Kitty-Granny-The-Magic-Paw/dp/B0F4D955H2/ref=zg_bsms_g_mobile-apps_d_sccl_1/136-5094779-5527625?psc=1;;;$14.93 (converted);;;
2;1;Movers & Shakers in Apps & Games;Bad Cat Simulator: Granny Prank;https://www.amazon.com/Bad-Cat-Simulator-Granny-Prank/dp/B0FVMH9L41/ref=zg_bsms_g_mobile-apps_d_sccl_2/136-5094779-5527625?psc=1;;;$19.91 (converted);;;
3;1;Movers & Shakers in Apps & Games;Arena: Robot Rumble - RUBY;https://www.amazon.com/SUNSHINE-GAMES-LIMITED-Arena-Rumble/dp/B0FWTFWQT3/ref=zg_bsms_g_mobile-apps_d_sccl_3/136-5094779-5527625?psc=1;;;$13.94 (converted);;;
1;1;Movers & Shakers in Arts, Crafts & Sewing;BOBISUKA Halloween Makeup Fake Blood Kit- Washable Dark Spray + Fresh Dripping + Blood Thick Gel, Blood Capsule, Stipple Sponge & Soap, Realistic Scar Tattoo for SFX Zombie Clown Mouth Clothes;https://www.amazon.com/BOBISUKA-Halloween-Washable-Dripping-Realistic/dp/B0FGJ2C6VN/ref=zg_bsms_g_arts-crafts_d_sccl_1/136-5094779-5527625?psc=1;4.4 out of 5 stars;166;$3.97 (converted);;;
2;1;Movers & Shakers in Arts, Crafts & Sewing;Stocking Stuffers for Kids, Outline Glitter Markers, Stocking Stuffers for Teen Girl Gifts Trendy Stuff, 12 Shimmer Markers Outline Pens for Art Supplies for Kids 9-12, Gifts for 4-12 Year Old Girls;https://www.amazon.com/Stocking-Stuffers-Shimmer-Metallic-Supplies/dp/B0D127HCT4/ref=zg_bsms_g_arts-crafts_d_sccl_2/136-5094779-5527625?psc=1;4.5 out of 5 stars;351;$7.96 (converted);583.0;247.0;
3;1;Movers & Shakers in Arts, Crafts & Sewing;Cool Maker, PopStyle Expansion Pack, Bracelet Making Kit, over 50 Gem Beads, Makes 3 (Packaging May Vary), Arts and Crafts Kids Toys for Ages 7 and up;https://www.amazon.com/Cool-Maker-Expansion-Friendship-Bracelets/dp/B0CCW5WRJC/ref=zg_bsms_g_arts-crafts_d_sccl_3/136-5094779-5527625?psc=1;4.6 out of 5 stars;1,201;$8.90 (converted);288.0;53.0;206.0
1;1;Movers & Shakers in Audible Books & Originals;The Empire of Gold: A Novel: The Daevabad Trilogy, Book 3;https://www.amazon.com/Empire-Gold-Novel/dp/B07YN67PGX/ref=zg_bsms_g_audible_d_sccl_1/136-5094779-5527625?isALC=true;4.7 out of 5 stars;9,530;$38.43 (converted);;;
2;1;Movers & Shakers in Audible Books & Originals;Harry Potter and the Sorcerer’s Stone (Full-Cast Edition);https://www.amazon.com/Harry-Potter-Sorcerers-Stone-Full-Cast/dp/B0F14PDX2Z/ref=zg_bsms_g_audible_d_sccl_2/136-5094779-5527625?isALC=true;4.8 out of 5 stars;147,293;$29.87 (converted);266.0;3.0;11.0
3;1;Movers & Shakers in Audible Books & Originals;Exit Strategy: A Reacher Novel;https://www.amazon.com/Exit-Strategy-A-Reacher-Novel/dp/B0DTZ59K83/ref=zg_bsms_g_audible_d_sccl_3/136-5094779-5527625?isALC=true;;;$19.61 (converted);191.0;234.0;681.0
1;1;Movers & Shakers in Automotive;Termitor D1S Xenon HID Headlights Bulbs, 400% Enhanced Brightness, 6000K Cool White High/Low Beam, Replacement 66144 66140 85140 85415, IP68 with Metal Base, Plug and Play, Pack of 2;https://www.amazon.com/Termitor-D1S-Headlights-Brightness-Replacement/dp/B0F26GJS6T/ref=zg_bsms_g_automotive_d_sccl_1/136-5094779-5527625?psc=1;4.4 out of 5 stars;1,982;$19.91 (converted);;;
2;1;Movers & Shakers in Automotive;Termitor Latest H4/9003/HB2 Bulbs, 75,000LM 12X Ultra Brighter, 6500K Cool White, Real 1:1 Mini Size, H4 Fog Lights with Cooling Fan, Plug and Play, Pack of 2;https://www.amazon.com/Termitor-H4-9003-HB2-Brighter/dp/B0FT11M5GF/ref=zg_bsms_g_automotive_d_sccl_2/136-5094779-5527625?psc=1;4.6 out of 5 stars;832;$31.85 (converted);;;
3;1;Movers & Shakers in Automotive;Termitor Upgraded H4/9003 Light bulb Hi/Low Beam,50000LM 900% Super Brighter, 6500K Cool White, HB2 Fog Light Bulbs with Cooling Fan, 1:1 Mini Halogen Size, Plug and Play, Pack of 2;https://www.amazon.com/Termitor-Upgraded-H4-9003-Brighter/dp/B0F9NN8FM2/ref=zg_bsms_g_automotive_d_sccl_3/136-5094779-5527625?psc=1;4.6 out of 5 stars;317;$39.82 (converted);;;
1;1;Movers & Shakers in Baby;Yoofoss Hooded Baby Towels for Newborn 2 Pack 100% Muslin Organic Cotton Baby Bath Towel with Hood for Babies, Infant, Toddler and Kids, 32x32Inch, Soft and Absorbent Newborn Essential,Alpaca&Elephant;https://www.amazon.com/Yoofoss-Toddler-32x32Inch-Absorbent-Essential/dp/B0BTHPXGJ2/ref=zg_bsms_g_baby-products_d_sccl_1/136-5094779-5527625?psc=1;4.8 out of 5 stars;3,158;$23.90 (converted);;;
2;1;Movers & Shakers in Baby;Ms. Rachel Official Huggable Lovey, Double Sided, Machine Washable Security Blankets for Babies Ages 0-1+;https://www.amazon.com/Ms-Rachel-6072301-Plush/dp/B0CTHWL2RB/ref=zg_bsms_g_baby-products_d_sccl_2/136-5094779-5527625?psc=1;4.8 out of 5 stars;456;$4.32 (converted);85.0;150.0;278.0
3;1;Movers & Shakers in Baby;Momcozy Breast Pump Hands Free Upgraded Mobile Flow | M9, App Discreet Control with Personalized Multi-Modes & 15 Levels, Wearable Breast Pump 24mm, 1 Pack Cozy Red;https://www.amazon.com/Momcozy-Personalized-Multi-Modes-Breastmilk-Independently/dp/B0D12BQG5X/ref=zg_bsms_g_baby-products_d_sccl_3/136-5094779-5527625?psc=1;4.3 out of 5 stars;2,714;$135.46 (converted);17.0;371.0;437.0
1;1;Movers & Shakers in Beauty & Personal Care;Dial Antibacterial Foaming Hand Soap Refill, Fresh Pear, 52 fl oz;https://www.amazon.com/Dial-Complete-Antibacterial-Foaming-Refill/dp/B07Z7XTQKZ/ref=zg_bsms_g_beauty_d_sccl_1/136-5094779-5527625?psc=1;4.6 out of 5 stars;18,782;$10.34 (converted);;;
2;1;Movers & Shakers in Beauty & Personal Care;L'Oreal Paris Elvive Dream Lengths No Haircut Cream Leave In Conditioner, 6.8 fl. oz.;https://www.amazon.com/LOreal-Paris-Conditioner-Vitamins-Breakage/dp/B07X7HPYNS/ref=zg_bsms_g_beauty_d_sccl_2/136-5094779-5527625?psc=1;4.5 out of 5 stars;16,344;$7.14 (converted);304.0;107.0;433.0
3;1;Movers & Shakers in Beauty & Personal Care;Amazon Basics Cotton Swabs for Personal Hygiene and Baby Care, 2000 Count, 4 Pack of 500 Count;https://www.amazon.com/Amazon-Basics-Cotton-Previously-Solimo/dp/B09498GV6R/ref=zg_bsms_g_beauty_d_sccl_3/136-5094779-5527625?psc=1;4.7 out of 5 stars;62,158;$2.21 (converted);200.0;1.0;3.0
1;1;Movers & Shakers in Books;Everything's Good: Cozy Classics You'll Cook Always and Forever: A Cookbook;https://www.amazon.com/Everythings-Good-Classics-Forever-Cookbook/dp/0593800788/ref=zg_bsms_g_books_d_sccl_1/136-5094779-5527625?psc=1;;;$21.09 (converted);947.0;40.0;419.0
2;1;Movers & Shakers in Books;Sisters Loved and Treasured: Stories of Unbreakable Bonds;https://www.amazon.com/Sisters-Loved-Treasured-Stories-Unbreakable/dp/1368115810/ref=zg_bsms_g_books_d_sccl_2/136-5094779-5527625?psc=1;;;$23.58 (converted);617.0;223.0;
3;1;Movers & Shakers in Books;Born Lucky: A Dedicated Father, A Grateful Son, and My Journey with Autism;https://www.amazon.com/Born-Lucky-Dedicated-Grateful-Journey/dp/140025468X/ref=zg_bsms_g_books_d_sccl_3/136-5094779-5527625?psc=1;4.8 out of 5 stars;322;$26.29 (converted);232.0;100.0;332.0
1;1;Movers & Shakers in CDs & Vinyl;Identity Crisis 25th Anniversary Ghostly Blue;https://www.amazon.com/Identity-Crisis-25th-Anniversary-Ghostly/dp/B0FW9RBSKV/ref=zg_bsms_g_music_d_sccl_1/136-5094779-5527625?psc=1;;;$29.86 (converted);;;
2;1;Movers & Shakers in CDs & Vinyl;Road Trips Vol. 4 No. 3: Denver '73 (Live) (Amazon Exclusive);https://www.amazon.com/Road-Trips-Vol-No-Exclusive/dp/B0FBS3H5H4/ref=zg_bsms_g_music_d_sccl_2/136-5094779-5527625?psc=1;4.9 out of 5 stars;51;$87.15 (converted);;;
3;1;Movers & Shakers in CDs & Vinyl;Where I've Been, Isn't Where I'm Going;https://www.amazon.com/Where-Ive-Been-Isnt-Going/dp/B0D1KVRCFZ/ref=zg_bsms_g_music_d_sccl_3/136-5094779-5527625?psc=1;4.7 out of 5 stars;769;$23.89 (converted);;;
1;1;Movers & Shakers in Camera & Photo Products;12x56 High Power Monocular Telescope for Adults | Comes with Smartphone Adapter Tripod Travel Bag | Bird Watching Hunting Hiking Camping Gift - Green;https://www.amazon.com/12x56-Monocular-Telescope-Smartphone-Monoculars/dp/B0B6FRRCKC/ref=zg_bsms_g_photo_d_sccl_1/136-5094779-5527625?psc=1;4.4 out of 5 stars;847;$89.64 (converted);;;
2;1;Movers & Shakers in Camera & Photo Products;Celestron SkyMaster 25x100 Binoculars – Giant Aperture Binoculars for Deep-Sky Astronomy & Long-Distance Viewing – Multi-Coated Optics – Includes Tripod Adapter & Carrying Case;https://www.amazon.com/Celestron-SkyMaster-25X100-Binoculars-carrying/dp/B00008Y0VU/ref=zg_bsms_g_photo_d_sccl_2/136-5094779-5527625?psc=1;4.1 out of 5 stars;912;$402.13 (converted);78.0;230.0;411.0
3;1;Movers & Shakers in Camera & Photo Products;Upcheirna 20x50 High Power Binoculars with Focus Adjustment &Lens Protection for Long-Distance Viewing, Low Light Night Vision, Lightweight & Portable HD for Adults, Bird Watching,Hunting (Black);https://www.amazon.com/Upcheirna-Binoculars-Lightweight-Portable-Watching/dp/B0DSVPJQLC/ref=zg_bsms_g_photo_d_sccl_3/136-5094779-5527625?psc=1;4.0 out of 5 stars;13;$25.89 (converted);76.0;140.0;247.0
1;1;Movers & Shakers in Cell Phones & Accessories;FNTCASE for iPhone SE 3rd(2022) Case: iPhone SE 2nd(2020) Case Magnetic Military Grade Drop Protection Anti Yellowing Cell Phone Cover - Shockproof Protective Transparent Cases - 4.7 inch (A-Clear);https://www.amazon.com/FNTCASE-iPhone-SE-3rd-Case/dp/B0DCS8J2KL/ref=zg_bsms_g_wireless_d_sccl_1/136-5094779-5527625?psc=1;4.7 out of 5 stars;31,223;$5.67 (converted);;;
2;1;Movers & Shakers in Cell Phones & Accessories;Temdan for iPhone 11 Case, Compatible with Magsafe, Anti-Yellowing, Military-Grade Protection, Shockproof Slim Magnetic Phone Case Cover, Black;https://www.amazon.com/Temdan-Military-Grade-Anti-Fingerprint-Anti-Scratch-Translucent/dp/B0DL37JN15/ref=zg_bsms_g_wireless_d_sccl_2/136-5094779-5527625?psc=1;4.6 out of 5 stars;10,532;$7.96 (converted);;;
3;1;Movers & Shakers in Cell Phones & Accessories;PEHAEL 2Pack for iPhone 11 Pro Max/iPhone Xs Max Privacy Screen Protector Anti-Spy Tempered Glass Film 9H Hardness Easy Installation Bubble Free [6.5 inch];https://www.amazon.com/pehael-Pro-Max-6-5-inch/dp/B07GW9775X/ref=zg_bsms_g_wireless_d_sccl_3/136-5094779-5527625?psc=1;4.4 out of 5 stars;156,121;$5.96 (converted);;;
1;1;Movers & Shakers in Clothing, Shoes & Jewelry;SHAPERX Women's Shapewear Bodysuit Tummy Control Body Shaper Seamless Sculpting Snatched Waist Body Suit;https://www.amazon.com/SHAPERX-Shapewear-Sculpting-SZ5215-Black-XXS-XS/dp/B0B1LVKJ4Q/ref=zg_bsms_g_fashion_d_sccl_1/136-5094779-5527625?psc=1;4.1 out of 5 stars;44,497;$28.76 (converted);88.0;63.0;119.0
2;1;Movers & Shakers in Clothing, Shoes & Jewelry;BGOKTA Halloween Animal Onesie Pajamas for Adults Costume Cosplay Homewear One Piece;https://www.amazon.com/BGOKTA-Halloween-Pajamas-Costume-Homewear/dp/B0DDPZL518/ref=zg_bsms_g_fashion_d_sccl_2/136-5094779-5527625?psc=1;4.5 out of 5 stars;2,752;$29.87 (converted);65.0;322.0;532.0
3;1;Movers & Shakers in Clothing, Shoes & Jewelry;Sun-Staches Official Minions Goggles | Minions Costume Glasses | One Size Fits Most;https://www.amazon.com/Sun-Staches-Comfortable-Accessory-Halloween-Officially/dp/B0FK7CJVTZ/ref=zg_bsms_g_fashion_d_sccl_3/136-5094779-5527625?psc=1;4.5 out of 5 stars;1,966;$11.94 (converted);60.0;368.0;589.0
1;1;Movers & Shakers in Collectible Coins;Peace Dollar Antique Silver Coins, U.S. Ancient Coin Collection, American Lucky Coin, Old Coins for Collectors, Commemorative Silver Dollars Coin Set (1921 Peace Dollar);https://www.amazon.com/Antique-Collection-American-Collectors-Commemorative/dp/B0FRYV55V8/ref=zg_bsms_g_coins_d_sccl_1/136-5094779-5527625?psc=1;;;$32.37 (converted);;;
2;1;Movers & Shakers in Collectible Coins;1904 -1914 Kaiser Era German 5 Pfennig Coin. Issued Under Kaiser Wilhelm II From Prussia, An Empire That Started World War 1 WW1. 5 Pfennig, Monetized And Guaranteed By The German Government. Graded By Seller. Circulated Condition;https://www.amazon.com/Monetized-Guaranteed-Government-Circulated-Condition/dp/B0D57C57P7/ref=zg_bsms_g_coins_d_sccl_2/136-5094779-5527625?psc=1;4.8 out of 5 stars;13;$4.97 (converted);740.0;179.0;
3;1;Movers & Shakers in Collectible Coins;The US Navy Military Challenge Coin Pays Tribute to Our Navy Veterans;https://www.amazon.com/Navy-Military-Challenge-Tribute-Veterans/dp/B0FM7Z2GCD/ref=zg_bsms_g_coins_d_sccl_3/136-5094779-5527625?psc=1;2.5 out of 5 stars;2;$9.95 (converted);713.0;187.0;
1;1;Movers & Shakers in Computers & Accessories;TOCOL for Samsung Galaxy S22 Ultra Case, Translucent Matte Hard Back [Military Grade Shockproof] [Anti-Scratch & Anti-Fingerprint] Slim Fit Protective Cover for Galaxy S22 Ultra Case 6.8'', Clear;https://www.amazon.com/TOCOL-Samsung-Galaxy-Ultra-Anti-Fingerprint/dp/B09PB7DHKZ/ref=zg_bsms_g_pc_d_sccl_1/136-5094779-5527625?psc=1;4.4 out of 5 stars;13,276;$14.93 (converted);;;
2;1;Movers & Shakers in Computers & Accessories;"HP 24 Touchscreen All-in-One Desktop Computer for Home and School, Intel Processor (Beat i3-1110G4), 23.8"" FHD Display, 16GB DDR4 RAM, 512GB PCIe SSD, WiFi 6, Bluetooth, Business AIO, Windows 11 Pro";https://www.amazon.com/HP-Touchscreen-Processor-i3-1110G4-Bluetooth/dp/B0FRGD7F7F/ref=zg_bsms_g_pc_d_sccl_2/136-5094779-5527625?psc=1;4.5 out of 5 stars;3,294;$49.80 (converted);;;
3;1;Movers & Shakers in Computers & Accessories;"HP 14"" Laptop, 1 Year Office 365&AI-Copilot, Intel Processor N150(up to 3.6 GHz), 4G RAM, 256GB Storage (128GB UFS + 128GB Docking Station Set), Long Battery Life, WiFi 6, Windows 11 S, Silver";https://www.amazon.com/HP-14-AI-Copilot-Processor-Storage/dp/B0FR8FTK5Z/ref=zg_bsms_g_pc_d_sccl_3/136-5094779-5527625?psc=1;4.5 out of 5 stars;1,154;$278.91 (converted);;;
1;1;Movers & Shakers in Electronics;2 Pack Surge Protector, 5 Outlets Extender with 4 USB Ports(USB C), 3-Side 1680J Power Strip Multi Plug Outlet Expander, USB Wall Charger, Outlet Splitter Adapter Wall Mount for Home Office ETL Listed;https://www.amazon.com/Protector-Outlets-Extender-Expander-Splitter/dp/B0FGQBZKYL/ref=zg_bsms_g_electronics_d_sccl_1/136-5094779-5527625?psc=1;4.7 out of 5 stars;7,855;$12.94 (converted);142.0;164.0;398.0
2;1;Movers & Shakers in Electronics;Travel Power Strip, ORICO 4 Outlets 3 USB Ports (1 USB C) with 4FT Wrapped Short Extension Cord Small Power Strip, Compact for Hotel Travel Essentials Cruise Approved-AP3;https://www.amazon.com/ORICO-Outlets-Extension-Essentials-Approved-Black/dp/B0CB2W8LQ7/ref=zg_bsms_g_electronics_d_sccl_2/136-5094779-5527625?psc=1;4.8 out of 5 stars;817;$21.90 (converted);125.0;266.0;601.0
3;1;Movers & Shakers in Electronics;Szwdo Wireless Earbuds, ENC Noise Cancelling Ear Buds with Smart Touchscreen Case, 48H Playtime for Sports & Working, Bass Stereo Sound, Bluetooth 5.4 Headphones for iPhone 17/16/15/14/13/Android;https://www.amazon.com/Szwdo-Cancelling-Touchscreen-Bluetooth-Headphones/dp/B0FLQBWXQ8/ref=zg_bsms_g_electronics_d_sccl_3/136-5094779-5527625?psc=1;4.8 out of 5 stars;1,302;$38.84 (converted);117.0;397.0;863.0
1;1;Movers & Shakers in Entertainment Collectibles;Playboy 2003 Edition Playmate of the Year Collector Cards Pack;https://www.amazon.com/Playboy-2003-Playmate-Collector-Cards/dp/B0FRYVFWSN/ref=zg_bsms_g_entertainment-collectibles_d_sccl_1/136-5094779-5527625?psc=1;;;$7.92 (converted);;;
2;1;Movers & Shakers in Entertainment Collectibles;"Captain Planet and the Planeteers (Dynamite) #4A VF/NM ; Dynamite comic book";https://www.amazon.com/Captain-Planet-Planeteers-Dynamite-comic/dp/B0FQKNFWRV/ref=zg_bsms_g_entertainment-collectibles_d_sccl_2/136-5094779-5527625?psc=1;;;$6.96 (converted);;;
3;1;Movers & Shakers in Entertainment Collectibles;"Wolverines and Deadpools #2 VF/NM ; Marvel comic book | Wolverine Deadpool Laura Kinney";https://www.amazon.com/Wolverines-Deadpools-Marvel-Wolverine-Deadpool/dp/B0FMGKGKDY/ref=zg_bsms_g_entertainment-collectibles_d_sccl_3/136-5094779-5527625?psc=1;;;$6.96 (converted);;;
1;1;Movers & Shakers in Gift Cards;Nintendo eShop Gift Card;https://www.amazon.com/Nintendo-America-Posa-Gift-Card/dp/B07ZQZ4MGR/ref=zg_bsms_g_gift-cards_d_sccl_1/136-5094779-5527625?psc=1;4.8 out of 5 stars;891;$34.86 (converted);12.0;170.0;191.0
2;1;Movers & Shakers in Gift Cards;Bloomin Brands Inc. Outback Steakhouse Multibrand Restaurant Gift Card;https://www.amazon.com/Bloomin-Multibrand-Gift-Card-100/dp/B08JJF1F6Z/ref=zg_bsms_g_gift-cards_d_sccl_2/136-5094779-5527625?psc=1;4.8 out of 5 stars;496;$24.90 (converted);9.0;252.0;276.0
3;1;Movers & Shakers in Gift Cards;SUBWAY Gift Card;https://www.amazon.com/SUBWAY-VariableDenomination-Gift-Card/dp/B0CHMDX1ZW/ref=zg_bsms_g_gift-cards_d_sccl_3/136-5094779-5527625?psc=1;4.7 out of 5 stars;55;$24.90 (converted);7.0;289.0;311.0
1;1;Movers & Shakers in Grocery & Gourmet Food;Coke Zero Sugar Diet Soda Soft Drink, 16.9 fl oz, 6 Pack;https://www.amazon.com/Coca-Cola-Zero-Sugar-16-9-Pack/dp/B00FU1YIEI/ref=zg_bsms_g_grocery_d_sccl_1/136-5094779-5527625?psc=1;4.6 out of 5 stars;5,680;$3.96 (converted);62.0;254.0;414.0
2;1;Movers & Shakers in Grocery & Gourmet Food;Red Raspberries, 6 oz;https://www.amazon.com/Fresh-Produce-Brands-May-Vary/dp/B000P6G12U/ref=zg_bsms_g_grocery_d_sccl_2/136-5094779-5527625?psc=1;4.6 out of 5 stars;31,823;;41.0;90.0;127.0
3;1;Movers & Shakers in Grocery & Gourmet Food;Banana Bunch (4-5 Count);https://www.amazon.com/Dole-Banana-Bunch-4-5-Count/dp/B07ZLFPXHC/ref=zg_bsms_g_grocery_d_sccl_3/136-5094779-5527625?psc=1;4.5 out of 5 stars;66,524;$0.99 (converted);38.0;13.0;18.0
1;1;Movers & Shakers in Handmade Products;Crystal Vibe African Turquoise Bracelet for Good Luck and Prosperity - Attract Positive Energy and Promote Overall Well-being - 8mm Beaded Bracelet for Spiritual Growth - Elastic Adjustable Size;https://www.amazon.com/Crystal-Vibe-Turquoise-Bracelet-Prosperity/dp/B0DD3VWLSG/ref=zg_bsms_g_handmade_d_sccl_1/136-5094779-5527625?psc=1;4.5 out of 5 stars;1,702;$25.89 (converted);;;
2;1;Movers & Shakers in Handmade Products;Large 1.25-2.0” Natural Aquamarine Raw Crystal Stone,Healing Gemstone for Reiki, Chakra Balancing, Meditation & Crystal Collection – Raw Aquamarine Mineral for Calmness, Clarity & Inner Peace;https://www.amazon.com/1-25-2-0-Aquamarine-Balancing-Meditation-Collection/dp/B0FHKRMBQV/ref=zg_bsms_g_handmade_d_sccl_2/136-5094779-5527625?psc=1;4.3 out of 5 stars;234;$5.97 (converted);;;
3;1;Movers & Shakers in Handmade Products;Brevynx Handmade 25Pcs Pocket Wooden Cross Fidget in bulk with Organza Bags - Stress Relief Cross My Heart for Christian, Religious Easter Day Gifts;https://www.amazon.com/Handmade-25Pcs-Wooden-Cross-Fidget/dp/B0DXKJ5KZD/ref=zg_bsms_g_handmade_d_sccl_3/136-5094779-5527625?psc=1;4.8 out of 5 stars;214;$39.84 (converted);210.0;147.0;456.0
1;1;Movers & Shakers in Health & Household;Energizer MAX 9V Batteries (2 Pack), 9 Volt Alkaline Batteries - Packaging May Vary;https://www.amazon.com/Energizer-Alkaline-Volt-Battery-2-Count/dp/B004R16728/ref=zg_bsms_g_hpc_d_sccl_1/136-5094779-5527625?psc=1;4.8 out of 5 stars;24,282;$7.36 (converted);;;
2;1;Movers & Shakers in Health & Household;Energizer A23 Batteries, A23 Battery Alkaline, 2 Count;https://www.amazon.com/Energizer-Mercury-Alkaline-Batteries-Packaging/dp/B00004YK10/ref=zg_bsms_g_hpc_d_sccl_2/136-5094779-5527625?psc=1;4.8 out of 5 stars;41,203;$5.26 (converted);;;
3;1;Movers & Shakers in Health & Household;"Silicone Scar Sheets,Silicone Scar Tape,Silicone Scar Removal Strips for Surgical,C-Section,Tummy Tuck,Keloid Scars (1.6""X 59"" Roll-1.5M) Keloid Bump Removal";https://www.amazon.com/Silicone-Surgical-Removal-C-Section-Roll-1-5M/dp/B0D8J5SV3C/ref=zg_bsms_g_hpc_d_sccl_3/136-5094779-5527625?psc=1;4.4 out of 5 stars;6,097;$9.84 (converted);;;
1;1;Movers & Shakers in Home & Kitchen;GORILLA GRIP Patented Square Shower Stall Mat, Small Bathtub Floor Mats for Stand Up Showers, Suction Cups and Drainage Holes, Machine Wash, Soft on Feet, Bathroom Accessories 21x21 Inch, Beige Opaque;https://www.amazon.com/Gorilla-Grip-Shower-Stall-Mat/dp/B0BDNTTFC1/ref=zg_bsms_g_home-garden_d_sccl_1/136-5094779-5527625?psc=1;4.5 out of 5 stars;107,472;$21.90 (converted);;;
2;1;Movers & Shakers in Home & Kitchen;2 Pack Air Purifiers For Home Bedroom, Honeyuan H13 HEPA Air purifier with 360°Air Intake, Coverage up to 650ft², 3 Fan Speeds, Low to 24dB;https://www.amazon.com/Purifiers-Honeyuan-purifier-Coverage-Filtration/dp/B0C26WN2XN/ref=zg_bsms_g_home-garden_d_sccl_2/136-5094779-5527625?psc=1;4.4 out of 5 stars;2,748;$27.88 (converted);;;
3;1;Movers & Shakers in Home & Kitchen;Barossa Design Narrow Shower Curtain Liner with 3 Magnets - Waterproof PEVA Shower Liner for Small Bathroom Stall, PVC Free, Metal Grommets - Clear, 32X72;https://www.amazon.com/Narrow-Shower-Curtain-Liner-Magnets/dp/B087P5ST4B/ref=zg_bsms_g_home-garden_d_sccl_3/136-5094779-5527625?psc=1;4.5 out of 5 stars;86,821;$8.92 (converted);66.0;3.0;5.0
1;1;Movers & Shakers in Kindle Store;Unexplained: Real-Life Supernatural Stories (Scary Gift for Fans of Ghost Stories and Paranormal Podcasts);https://www.amazon.com/Unexplained-Real-Life-Supernatural-Stories-Uncertain-ebook/dp/B07VXYJXH3/ref=zg_bsms_g_digital-text_d_sccl_1/136-5094779-5527625?psc=1;4.4 out of 5 stars;644;$9.95 (converted);;;
2;1;Movers & Shakers in Kindle Store;Patsy's Italian Family Cookbook: TK;https://www.amazon.com/Patsys-Italian-Family-Cookbook-Scognamillo-ebook/dp/B00NE06T4Y/ref=zg_bsms_g_digital-text_d_sccl_2/136-5094779-5527625?psc=1;4.7 out of 5 stars;257;$1.98 (converted);;;
3;1;Movers & Shakers in Kindle Store;The Boy at the Door;https://www.amazon.com/Boy-at-Door-Alex-Dahl-ebook/dp/B077CNPGFC/ref=zg_bsms_g_digital-text_d_sccl_3/136-5094779-5527625?psc=1;4.0 out of 5 stars;373;$1.98 (converted);;;
1;1;Movers & Shakers in Kitchen & Dining;Gas One 12 Pack 6 Hour Chafing Fuel - Food Warmer for Chafing Dish Buffet Set - Reusable Liquid Safe Fuel With Wick & Lid Opener;https://www.amazon.com/Gas-pack-Hour-Chafing-Fuel/dp/B084TC8D4L/ref=zg_bsms_g_kitchen_d_sccl_1/136-5094779-5527625?psc=1;4.7 out of 5 stars;9,320;$45.81 (converted);;;
2;1;Movers & Shakers in Kitchen & Dining;ChefAide Ice Cube Tray with Lid, 4 Packs 56 Cubes Durable Stackable Ice Cube Trays for Freezer with Removable Lids, Easy-Release Plastic & Silicone Ice Tray for Cocktail, Coffee;https://www.amazon.com/ChefAide-Ice-Cube-Tray-Lid/dp/B0C1LB9CKH/ref=zg_bsms_g_kitchen_d_sccl_2/136-5094779-5527625?psc=1;4.5 out of 5 stars;4,470;$6.96 (converted);;;
3;1;Movers & Shakers in Kitchen & Dining;QZYL 4 PCS Picnic Table Cover with Bench Covers, Black Plastic Table Cloths, 54 X 108 in Disposable Waterproof Rectangle Table Covers for Camping Birthdays Weddings Parties Christmas;https://www.amazon.com/QZYL-Disposable-Waterproof-Rectangle-Birthdays/dp/B0DZCZGH71/ref=zg_bsms_g_kitchen_d_sccl_3/136-5094779-5527625?psc=1;4.6 out of 5 stars;488;$6.96 (converted);;;
1;1;Movers & Shakers in Movies & TV;Lost in Space (1998) - Collector's Edition [Blu-ray];https://www.amazon.com/Lost-Space-Collectors-Gary-Goldman/dp/B0CSBK4259/ref=zg_bsms_g_movies-tv_d_sccl_1/136-5094779-5527625?psc=1;4.6 out of 5 stars;2,946;$7.96 (converted);;;
2;1;Movers & Shakers in Movies & TV;One Battle After Another - Limited Edition Steelbook (4K Ultra HD + Blu-ray + Digital);https://www.amazon.com/One-Battle-After-Another-Steelbook/dp/B0FTF6565S/ref=zg_bsms_g_movies-tv_d_sccl_2/136-5094779-5527625?psc=1;3.6 out of 5 stars;12;$37.84 (converted);;;
3;1;Movers & Shakers in Movies & TV;Evil Dead (2013) - Limited Edition Steelbook [4K Ultra HD] [4K UHD];https://www.amazon.com/Evil-Dead-Limited-Steelbook-Ultra/dp/B0D4FBQJR6/ref=zg_bsms_g_movies-tv_d_sccl_3/136-5094779-5527625?psc=1;4.6 out of 5 stars;14,767;$23.97 (converted);;;
1;1;Movers & Shakers in Musical Instruments;MENERESAS 3-in-1 Wireless Lavalier Microphone, Omnidirectional Lapel Mic for iOS/Android/Camera, Noise Reduction, Basalt Black;https://www.amazon.com/MENERESAS-Wireless-Microphone-Omnidirectional-Reduction/dp/B0FT2KNJ6H/ref=zg_bsms_g_musical-instruments_d_sccl_1/136-5094779-5527625?psc=1;4.7 out of 5 stars;218;$99.60 (converted);;;
2;1;Movers & Shakers in Musical Instruments;Mini Mic Pro (Latest Model) - Professional Wireless Microphone for iPhone, iPad, Android, Lavalier Microphone for Video Recording - iPhone Mic Crystal Clear Recording with USB-C for Content Creators;https://www.amazon.com/Mini-Mic-Pro-Professional-Microphone/dp/B0CMJTSVRW/ref=zg_bsms_g_musical-instruments_d_sccl_2/136-5094779-5527625?psc=1;4.3 out of 5 stars;4,979;$24.89 (converted);150.0;2.0;5.0
3;1;Movers & Shakers in Musical Instruments;MLIKOEU Fog Machine, 800W Smoke Machine With 13-Color LED Effects, 3500CFM Smoke Machine Fog Output, Wired And Wireless Remote Control,Ideal For Halloween, Wedding And DJ Stage;https://www.amazon.com/MLIKOEU-Machine-13-Color-Wireless-Halloween/dp/B0F939RTM7/ref=zg_bsms_g_musical-instruments_d_sccl_3/136-5094779-5527625?psc=1;4.4 out of 5 stars;46;$59.76 (converted);106.0;262.0;541.0
1;1;Movers & Shakers in Office Products;Scotch Classic Desktop Tape Dispenser, Black, 1-inch Core, Made from 100% Recycled Plastic, 1 Dispenser;https://www.amazon.com/Scotch-Desk-Tape-Dispenser-Black/dp/B00006IF79/ref=zg_bsms_g_office-products_d_sccl_1/136-5094779-5527625?psc=1;4.6 out of 5 stars;10,965;$4.73 (converted);;;
2;1;Movers & Shakers in Office Products;Scotch Magic Tape, Invisible Transparent Tape, 6 Tape Rolls with Dispensers, 3/4 in x 650 in;https://www.amazon.com/Scotch-Dispensers-Applications-Invisible-Engineered/dp/B0000DH8HQ/ref=zg_bsms_g_office-products_d_sccl_2/136-5094779-5527625?psc=1;4.8 out of 5 stars;41,526;$10.95 (converted);;;
3;1;Movers & Shakers in Office Products;"LED Note Board with 7 Colors, Includes Adapter, 13""x10"" Led Drawing Board for Kids, Light Up Dry Erase Boards with 7 Markers, Soft Cloth, Hanging Chain, Holiday Trend Gift";https://www.amazon.com/Adapter-Drawing-Invisible-Markers-Hanging/dp/B0DY139W8B/ref=zg_bsms_g_office-products_d_sccl_3/136-5094779-5527625?psc=1;4.8 out of 5 stars;1,262;$28.54 (converted);;;
1;1;Movers & Shakers in Patio, Lawn & Garden;Yzurbu 24pcs Monarch Butterfly Decor, Yellow Artificial Fake Butterflies Decorations for Fall Autumn Craft, Halloween, Thanksgiving, Christmas;https://www.amazon.com/Yzurbu-Monarch-Butterfly-Artificial-Butterflies/dp/B098B4GX3L/ref=zg_bsms_g_lawn-garden_d_sccl_1/136-5094779-5527625?psc=1;4.6 out of 5 stars;325;$8.96 (converted);;;
2;1;Movers & Shakers in Patio, Lawn & Garden;5 Pack Marshmallow Roasting Sticks Set, Extendable 32in Long Metal Barbecue Skewers with Wooden Handle, for Marshmallow, Hot Dogs, Camping, BBQ, Grill;https://www.amazon.com/Marshmallow-Roasting-Extendable-Barbecue-Skewers/dp/B0CD6RXJSW/ref=zg_bsms_g_lawn-garden_d_sccl_2/136-5094779-5527625?psc=1;4.6 out of 5 stars;898;$5.77 (converted);;;
3;1;Movers & Shakers in Patio, Lawn & Garden;AMMZO Meat Thermometer Digital, Instant Read Food Thermometer for Cooking Deep Fry BBQ Oven Grill Smoker Roast and Candy Thermometer, Stocking Stuffers Gifts for Men Women;https://www.amazon.com/AMMZO-Thermometer-Grilling-Waterproof-Backlight/dp/B09C32DYV1/ref=zg_bsms_g_lawn-garden_d_sccl_3/136-5094779-5527625?psc=1;4.6 out of 5 stars;6,661;$15.92 (converted);234.0;85.0;284.0
1;1;Movers & Shakers in Pet Supplies;Purina Tidy Cats Clumping Multi Cat Litter, Glade Clear Springs - 16 lb. Bag;https://www.amazon.com/Purina-Tidy-Cats-Clumping-Springs/dp/B0D2FRTPDC/ref=zg_bsms_g_pet-supplies_d_sccl_1/136-5094779-5527625?psc=1;4.6 out of 5 stars;4,800;$25.89 (converted);;;
2;1;Movers & Shakers in Pet Supplies;Purina Tidy Cats Lightweight Free and Clean Unscented, Multi-Cat, Clumping, 99.9 Percent Dust Free Cat Litter - 12 lb. Box;https://www.amazon.com/Tidy-Cats-Lightweight-Free-Unscented-Multi-Cat/dp/B0DZY3T8F9/ref=zg_bsms_g_pet-supplies_d_sccl_2/136-5094779-5527625?psc=1;4.4 out of 5 stars;12,007;$21.89 (converted);;;
3;1;Movers & Shakers in Pet Supplies;Purina Tidy Cats Lightweight with Glade Clear Springs Multi-Cat, Clumping, Low Dust, Scented Cat Litter - 12 lb. Box;https://www.amazon.com/Tidy-Cats-Lightweight-Multi-Cat-Clumping/dp/B0F127TWW6/ref=zg_bsms_g_pet-supplies_d_sccl_3/136-5094779-5527625?psc=1;4.5 out of 5 stars;14,268;$26.88 (converted);;;
1;1;Movers & Shakers in Software;Spectrasonics Omnisphere 3 — Flagship Synthesizer of Spectrasonics with Thousands of Fresh New Sounds, Faster Access, and Same Size as Omnisphere 2.;https://www.amazon.com/Spectrasonics-Omnisphere-Flagship-Synthesizer-Thousands/dp/B0FWTW314T/ref=zg_bsms_g_software_d_sccl_1/136-5094779-5527625?psc=1;;;$497.07 (converted);;;
2;1;Movers & Shakers in Software;How to Start a Bingo Hall Plus Business Plan;https://www.amazon.com/Start-Bingo-Hall-Plus-Business/dp/B00988ISAE/ref=zg_bsms_g_software_d_sccl_2/136-5094779-5527625?psc=1;2.0 out of 5 stars;1;$29.83 (converted);;;
3;1;Movers & Shakers in Software;Lotus Smartsuite Release 4 (Old Verison);https://www.amazon.com/Lotus-Smartsuite-Release-Old-Verison/dp/B004JBVLKY/ref=zg_bsms_g_software_d_sccl_3/136-5094779-5527625?psc=1;1.0 out of 5 stars;1;$79.68 (converted);;;
1;1;Movers & Shakers in Sports & Outdoors;Graduated Copper Compression Socks for Men & Women Circulation 8 Pairs 15-20mmHg - Best for Running Athletic Cycling;https://www.amazon.com/Graduated-Medical-Compression-Circulation-15-20mmHg/dp/B07RPDBHBP/ref=zg_bsms_g_sporting-goods_d_sccl_1/136-5094779-5527625?psc=1;4.5 out of 5 stars;31,267;$18.91 (converted);;;
2;1;Movers & Shakers in Sports & Outdoors;3 Pack Fleece Lined Leggings Women with Pockets -Warm Winter Yoga Pants for Women Thermal Running Workout Leggings;https://www.amazon.com/Leggings-Pockets-Thermal-Running-Workout/dp/B0C7G9VHB5/ref=zg_bsms_g_sporting-goods_d_sccl_2/136-5094779-5527625?psc=1;4.3 out of 5 stars;2,060;$27.88 (converted);;;
3;1;Movers & Shakers in Sports & Outdoors;2025 Topps Holiday Baseball - Factory Sealed - Advent Calendar;https://www.amazon.com/2025-Topps-Holiday-Baseball-Calendar/dp/B0FSB24VRB/ref=zg_bsms_g_sporting-goods_d_sccl_3/136-5094779-5527625?psc=1;;;$29.87 (converted);;;
1;1;Movers & Shakers in Sports Collectibles;Vj Edgecombe 76ers Basketball Rookie Card Panini Instant 2025 Draft Night Card #3 Overall Pick Future Superstar;https://www.amazon.com/Edgecombe-Basketball-Instant-Overall-Superstar/dp/B0FPBPCK41/ref=zg_bsms_g_sports-collectibles_d_sccl_1/136-5094779-5527625?psc=1;;;$34.36 (converted);;;
2;1;Movers & Shakers in Sports Collectibles;Facsimile Autographed Chauncey Billups Detroit Blue Reprint Laser Auto Basketball Jersey Size Men's XL;https://www.amazon.com/Facsimile-Autographed-Chauncey-Billups-Basketball/dp/B0CZVZCBHT/ref=zg_bsms_g_sports-collectibles_d_sccl_2/136-5094779-5527625?psc=1;;;$74.70 (converted);;;
3;1;Movers & Shakers in Sports Collectibles;Graded 2023 Panini Mosaic Victor Wembanyama #238 Rookie RC Basketball Card PSA 10 Gem Mint;https://www.amazon.com/Graded-Panini-Mosaic-Wembanyama-Basketball/dp/B0DVYP4YDC/ref=zg_bsms_g_sports-collectibles_d_sccl_3/136-5094779-5527625?psc=1;;;;;;
1;1;Movers & Shakers in Tools & Home Improvement;2 Pack Under Cabinet Lighting, 3 Color Temperatures Motion Sensor Light Indoor, LED Rechargeable Cabinet Lights, Stick-On Magnetic Closet Light, Wireless Under Counter Lights for Kitchen, Stair;https://www.amazon.com/Lighting-Temperatures-Rechargeable-Magnetic-Wireless/dp/B0F38NGQ4H/ref=zg_bsms_g_hi_d_sccl_1/136-5094779-5527625?psc=1;4.6 out of 5 stars;6,934;$18.92 (converted);;;
2;1;Movers & Shakers in Tools & Home Improvement;"Sakugi Storage Shelves - 4 Tier Shelf Organizer, Heavy Duty Garage Shelving Unit with Leveling Feet, Stable Metal Shelves Organizer for Pantry, Kitchen and Closet, 18.4"" W x 12.6"" D x 44.2"" H, Black";https://www.amazon.com/Sakugi-Storage-Shelves-Organizer-Shelving/dp/B0D8NQPRG8/ref=zg_bsms_g_hi_d_sccl_2/136-5094779-5527625?psc=1;4.5 out of 5 stars;1,734;$89.64 (converted);;;
3;1;Movers & Shakers in Tools & Home Improvement;Filtrete 20x25x5 AC Furnace Air Filter, MPR 1550, MERV 12, Fits Trion AirBear, CERTIFIED Asthma & Allergy Friendly, Electrostatic Air Cleaning Filter, 1-Pack (actual size 19.56 x 24.13 x 4.75);https://www.amazon.com/Filtrete-CERTIFIED-Friendly-Electrostatic-Cleaning/dp/B0130EBW1S/ref=zg_bsms_g_hi_d_sccl_3/136-5094779-5527625?psc=1;4.2 out of 5 stars;5,016;$33.75 (converted);327.0;204.0;873.0
1;1;Movers & Shakers in Toys & Games;Avalon Hill HeroQuest Wizards of Morcar Quest Pack – Ages 14+ – 2 to 5 Players – Roleplaying Games;https://www.amazon.com/Avalon-Hill-HeroQuest-Wizards-Morcar/dp/B0FJBPW4L7/ref=zg_bsms_g_toys-and-games_d_sccl_1/136-5094779-5527625?psc=1;;;$49.80 (converted);;;
2;1;Movers & Shakers in Toys & Games;Monopoly House of the Dragon Edition Board Game | Based on the Hit TV Series | Ages 17 and Up | 2 to 6 Players | Strategy Games (Amazon Exclusive);https://www.amazon.com/Monopoly-Dragon-Players-Strategy-Exclusive/dp/B0CS7D2L4X/ref=zg_bsms_g_toys-and-games_d_sccl_2/136-5094779-5527625?psc=1;4.8 out of 5 stars;586;$6.46 (converted);;;
3;1;Movers & Shakers in Toys & Games;Soyee Magnetic Tiles Toddler Toys Travel Essential Games Magnet Building Blocks STEM Sensory Educational Toys for 3 4 5 6 7 8+ Year Old Boys Girls Christmas Birthday Gifts;https://www.amazon.com/Soyee-Magnetic-Essential-Educational-Christmas/dp/B0FLDSXFQ5/ref=zg_bsms_g_toys-and-games_d_sccl_3/136-5094779-5527625?psc=1;4.8 out of 5 stars;1,424;$14.93 (converted);;;
1;1;Movers & Shakers in Video Games;amFilm Auto-Alignment OneTouch for Nintendo Switch 2 Screen Protector [7.9''] 2025 Tempered Glass, Accessories, 30 seconds Installation, Bubble Free, Anti-Scratch, Touch Sensitive, Ultra-Clear [2Pack];https://www.amazon.com/Auto-Alignment-Protector-Accessories-Installation-Anti-Scratch-Ultra-Clear/dp/B0DRCKDWD1/ref=zg_bsms_g_videogames_d_sccl_1/136-5094779-5527625?psc=1;4.6 out of 5 stars;10,713;$7.16 (converted);;;
2;1;Movers & Shakers in Video Games;Kirby Air Riders for Nintendo Switch 2;https://www.amazon.com/Kirby-Air-Riders-Nintendo-Switch-2/dp/B0FN13VMCC/ref=zg_bsms_g_videogames_d_sccl_2/136-5094779-5527625?psc=1;;;$69.72 (converted);321.0;83.0;350.0
3;1;Movers & Shakers in Video Games;CAT Construction Toys, Junior Crew Lil' Movers Remote Control Truck, RC Car + Dump Truck, Working Headlights, with Child Friendly Controller;https://www.amazon.com/CatToysOfficial-Construction-Junior-Movers-Control/dp/B07TGTWQZG/ref=zg_bsms_g_videogames_d_sccl_3/136-5094779-5527625?psc=1;4.2 out of 5 stars;1,799;$12.57 (converted);177.0;342.0;950.0
